Workbook

Sheet Instructions
B2: i-Finance UAT Script
B3: Petty Cash (App 201) — Floats, Reimbursements, Clearing
B5: Environment URL | C5: (fill in: e.g. http://localhost:8080 or the deployed URL)
B6: Build / version date | C6: 2026-06-11
B7: UAT round
B8: Lead tester
B9: Start date
B10: End date
B12: How to test
B13: 1. Each tab is one functional area. Work top-to-bottom; one row = one test case.
B14: 2. Follow the Steps column exactly; compare the outcome with Expected Result.
B15: 3. Set Status from the dropdown: Pass / Fail / Blocked / N/A.
B16: 4. On Fail or Blocked, ALWAYS fill Comments (what happened, screenshots reference, error text).
B17: 5. Fill Tested By + Test Date on every executed row.
B18: 6. Login accounts: use the quick-login buttons on the login page, or accounts provided by the admin. Never write passwords in this file.
B19: 7. Hard-refresh (Ctrl+F5) after the team deploys a fix before retesting.
B21: Status legend
B22: Pass | C22: Works exactly as the Expected Result describes
B23: Fail | C23: Does not match the Expected Result (describe in Comments)
B24: Blocked | C24: Cannot be executed (missing data/role/dependency failed)
B25: N/A | C25: Not applicable to this round/role
B27: Live summary
B28: Functional area | C28: Cases | D28: Pass | E28: Fail | F28: Blocked | G28: Executed %
B29: Access & Session | C29: 3 | D29: =COUNTIF('Access & Session'!F:F,"Pass") | E29: =COUNTIF('Access & Session'!F:F,"Fail") | F29: =COUNTIF('Access & Session'!F:F,"Blocked") | G29: =ROUND(COUNTA('Access & Session'!F2:F500)/C29*100,0)&"%"
B30: Dashboard | C30: 3 | D30: =COUNTIF('Dashboard'!F:F,"Pass") | E30: =COUNTIF('Dashboard'!F:F,"Fail") | F30: =COUNTIF('Dashboard'!F:F,"Blocked") | G30: =ROUND(COUNTA('Dashboard'!F2:F500)/C30*100,0)&"%"
B31: My Petty Cash | C31: 8 | D31: =COUNTIF('My Petty Cash'!F:F,"Pass") | E31: =COUNTIF('My Petty Cash'!F:F,"Fail") | F31: =COUNTIF('My Petty Cash'!F:F,"Blocked") | G31: =ROUND(COUNTA('My Petty Cash'!F2:F500)/C31*100,0)&"%"
B32: Reimbursements | C32: 3 | D32: =COUNTIF('Reimbursements'!F:F,"Pass") | E32: =COUNTIF('Reimbursements'!F:F,"Fail") | F32: =COUNTIF('Reimbursements'!F:F,"Blocked") | G32: =ROUND(COUNTA('Reimbursements'!F2:F500)/C32*100,0)&"%"
B33: Clearing | C33: 3 | D33: =COUNTIF('Clearing'!F:F,"Pass") | E33: =COUNTIF('Clearing'!F:F,"Fail") | F33: =COUNTIF('Clearing'!F:F,"Blocked") | G33: =ROUND(COUNTA('Clearing'!F2:F500)/C33*100,0)&"%"
B34: Approvals | C34: 4 | D34: =COUNTIF('Approvals'!F:F,"Pass") | E34: =COUNTIF('Approvals'!F:F,"Fail") | F34: =COUNTIF('Approvals'!F:F,"Blocked") | G34: =ROUND(COUNTA('Approvals'!F2:F500)/C34*100,0)&"%"
B35: Administration | C35: 4 | D35: =COUNTIF('Administration'!F:F,"Pass") | E35: =COUNTIF('Administration'!F:F,"Fail") | F35: =COUNTIF('Administration'!F:F,"Blocked") | G35: =ROUND(COUNTA('Administration'!F2:F500)/C35*100,0)&"%"
B36: Configuration | C36: 3 | D36: =COUNTIF('Configuration'!F:F,"Pass") | E36: =COUNTIF('Configuration'!F:F,"Fail") | F36: =COUNTIF('Configuration'!F:F,"Blocked") | G36: =ROUND(COUNTA('Configuration'!F2:F500)/C36*100,0)&"%"
B37: Shell & Language | C37: 3 | D37: =COUNTIF('Shell & Language'!F:F,"Pass") | E37: =COUNTIF('Shell & Language'!F:F,"Fail") | F37: =COUNTIF('Shell & Language'!F:F,"Blocked") | G37: =ROUND(COUNTA('Shell & Language'!F2:F500)/C37*100,0)&"%"
B38: TOTAL | C38: =SUM(C29:C37) | D38: =SUM(D29:D37) | E38: =SUM(E29:E37) | F38: =SUM(F29:F37)

Sheet Access & Session
A1: Test ID | B1: Function | C1: Test Scenario | D1: Steps | E1: Expected Result | F1: Status | G1: Tested By | H1: Test Date | I1: Comments / Defect Ref
A2: PC-ACC-01 | B2: Shared session | C2: Entry from Admin | D2: 1. Login in the Admin app 2. Use the module switcher to open Petty Cash | E2: PC opens logged-in (no second login); your name in the top bar
A3: PC-ACC-02 | B3: No session | C3: Direct open without login | D3: 1. Logout (or new private window) 2. Open the PC app URL directly | E3: Redirected to the Admin login page
A4: PC-ACC-03 | B4: Role gating | C4: Approver/Admin menus | D4: 1. Login as a regular user, then as a PC admin | E4: Approvals group only for approvers; All Petty Cash/Configuration only for admins

Sheet Dashboard
A1: Test ID | B1: Function | C1: Test Scenario | D1: Steps | E1: Expected Result | F1: Status | G1: Tested By | H1: Test Date | I1: Comments / Defect Ref
A2: PC-DSH-01 | B2: Stats | C2: Cards show live numbers | D2: 1. Open PC Dashboard | E2: Cards (my floats, pending, totals) show sensible non-error values
A3: PC-DSH-02 | B3: Charts | C3: Floats by org + ageing | D3: 1. Wait for both charts | E3: Outstanding floats by organisation bar chart + TEMPORARY ageing chart render correctly
A4: PC-DSH-03 | B4: Charts | C4: Re-render on return | D4: 1. Navigate away and back | E4: Charts render again, not blank/duplicated

Sheet My Petty Cash
A1: Test ID | B1: Function | C1: Test Scenario | D1: Steps | E1: Expected Result | F1: Status | G1: Tested By | H1: Test Date | I1: Comments / Defect Ref
A2: PC-MPC-01 | B2: My list | C2: My requests only | D2: 1. Open My Petty Cash | E2: Only YOUR petty cash requests, with number, type, amount, status badge
A3: PC-MPC-02 | B3: Create | C3: PERMANENT float request | D3: 1. New Petty Cash Request 2. Type=PERMANENT, amount, justification 3. Add GL coding line(s) summing to the amount 4. Save draft | E3: Draft created with number PC-YYYY-NNNNN; appears in My Petty Cash as DRAFT
A4: PC-MPC-03 | B4: Create | C4: TEMPORARY float request | D4: 1. Same with Type=TEMPORARY + needed-by/return date | E4: Draft created; type shown correctly
A5: PC-MPC-04 | B5: Validation | C5: Coding must equal amount | D5: 1. Create a request where coding lines total <> requested amount 2. Try to submit | E5: Submission blocked with a clear message
A6: PC-MPC-05 | B6: Validation | C6: Required fields | D6: 1. Try saving with empty amount / justification | E6: Field-level validation errors; nothing saved
A7: PC-MPC-06 | B7: Submit | C7: Send for approval | D7: 1. Open a DRAFT request 2. Click Submit | E7: Status changes to submitted/pending; appears in the approver's queue; status history records the event
A8: PC-MPC-07 | B8: Detail | C8: Request detail | D8: 1. Open a request from the list | E8: Full detail: amounts, coding lines, status history timeline, documents
A9: PC-MPC-08 | B9: Withdraw | C9: Withdraw a submitted request | D9: 1. Open your submitted request 2. Withdraw | E9: Status returns to draft/withdrawn; it leaves the approver queue

Sheet Reimbursements
A1: Test ID | B1: Function | C1: Test Scenario | D1: Steps | E1: Expected Result | F1: Status | G1: Tested By | H1: Test Date | I1: Comments / Defect Ref
A2: PC-RMB-01 | B2: Create | C2: New reimbursement | D2: 1. Open Reimbursements > New 2. Add expense lines (date, GL code, amount, description) 3. Save + Submit | E2: Reimbursement created with its own number; goes to approval
A3: PC-RMB-02 | B3: Detail | C3: Line items + history | D3: 1. Open a reimbursement | E3: Lines, totals, status history all shown
A4: PC-RMB-03 | B4: My list | C4: Status tracking | D4: 1. Check list after submit/approval | E4: Status badge updates through the lifecycle

Sheet Clearing
A1: Test ID | B1: Function | C1: Test Scenario | D1: Steps | E1: Expected Result | F1: Status | G1: Tested By | H1: Test Date | I1: Comments / Defect Ref
A2: PC-CLR-01 | B2: Create | C2: Clear a TEMPORARY float | D2: 1. Open Clearing > New for a disbursed TEMPORARY float 2. Add receipts/expense lines + returned amount 3. Submit | E2: Clearing created; float and clearing linked; goes to approval
A3: PC-CLR-02 | B3: Validation | C3: Totals must reconcile | D3: 1. Make receipts + returned cash <> float amount 2. Try to submit | E3: Blocked with a clear reconciliation message
A4: PC-CLR-03 | B4: Detail | C4: Clearing detail | D4: 1. Open a clearing record | E4: Receipt lines, float reference, status history shown

Sheet Approvals
A1: Test ID | B1: Function | C1: Test Scenario | D1: Steps | E1: Expected Result | F1: Status | G1: Tested By | H1: Test Date | I1: Comments / Defect Ref
A2: PC-APR-01 | B2: Queue | C2: Pending list (approver) | D2: 1. Login as approver 2. Open Approvals | E2: All PC items awaiting YOUR step; badge count matches
A3: PC-APR-02 | B3: Approve | C3: Approve with comment | D3: 1. Open an item > Approve (+ comment) | E3: Item leaves queue; requester notified; history shows approver + timestamp + comment
A4: PC-APR-03 | B4: Reject | C4: Reject with reason | D4: 1. Reject another item with a reason | E4: Status rejected; requester notified with the reason
A5: PC-APR-04 | B5: Authorization | C5: Non-approver blocked | D5: 1. Login as a regular user 2. Try the Approvals route | E5: No Approvals menu; direct navigation shows no queue/denied

Sheet Administration
A1: Test ID | B1: Function | C1: Test Scenario | D1: Steps | E1: Expected Result | F1: Status | G1: Tested By | H1: Test Date | I1: Comments / Defect Ref
A2: PC-ADM-01 | B2: All Petty Cash | C2: Paged admin list | D2: 1. Open All Petty Cash (admin) 2. Check pager '1-50 of N' 3. Search + filter by status | E2: All requests org-wide; server pagination, search and status filter work together
A3: PC-ADM-02 | B3: All Reimbursements | C3: Admin list | D3: 1. Open All Reimbursements | E3: Org-wide list with status filters
A4: PC-ADM-03 | B4: All Clearings | C4: Admin list | D4: 1. Open All Clearings | E4: Org-wide list; links open details
A5: PC-ADM-04 | B5: Disburse | C5: Mark approved float disbursed | D5: 1. Open an APPROVED request 2. Disburse (date/reference) | E5: Status becomes DISBURSED; history updated; TEMPORARY floats start ageing

Sheet Configuration
A1: Test ID | B1: Function | C1: Test Scenario | D1: Steps | E1: Expected Result | F1: Status | G1: Tested By | H1: Test Date | I1: Comments / Defect Ref
A2: PC-CFG-01 | B2: GL codes | C2: Browse + search combinations | D2: 1. Open GL Codes 2. Search a segment value | E2: 9-segment combinations listed with full code string; search filters
A3: PC-CFG-02 | B3: Approval rules | C3: View/edit PC rules | D3: 1. Open Approval Rules 2. Review steps/amount thresholds | E3: Rules display matches the configured approval template
A4: PC-CFG-03 | B4: Module settings | C4: PC settings incl. brand | D4: 1. Open Module Settings 2. Edit a setting (e.g. THEME_BRAND_COLOR) 3. Hard-refresh | E4: Setting persists; brand color change reflects in PC only (restore afterwards)

Sheet Shell & Language
A1: Test ID | B1: Function | C1: Test Scenario | D1: Steps | E1: Expected Result | F1: Status | G1: Tested By | H1: Test Date | I1: Comments / Defect Ref
A2: PC-SHL-01 | B2: Switcher | C2: Back to Admin / other modules | D2: 1. Use the top-bar module dropdown | E2: Other apps open without re-login
A3: PC-SHL-02 | B3: Arabic | C3: RTL pass | D3: 1. Switch to AR 2. Walk My Petty Cash + Dashboard | E3: Shell + navigation in Arabic, layout mirrored, amounts keep Latin digits; lists still load
A4: PC-SHL-03 | B4: Notifications | C4: PC notifications | D4: 1. Trigger an approval event 2. Check the bell | E4: Notification received and readable
