Workbook

Sheet Instructions
B2: i-Finance UAT Script
B3: HR (App 205) — Employees, Structure, Compliance
B5: Environment URL | C5: (fill in: e.g. http://localhost:8080 or the deployed URL)
B6: Build / version date | C6: 2026-06-11
B7: UAT round
B8: Lead tester
B9: Start date
B10: End date
B12: How to test
B13: 1. Each tab is one functional area. Work top-to-bottom; one row = one test case.
B14: 2. Follow the Steps column exactly; compare the outcome with Expected Result.
B15: 3. Set Status from the dropdown: Pass / Fail / Blocked / N/A.
B16: 4. On Fail or Blocked, ALWAYS fill Comments (what happened, screenshots reference, error text).
B17: 5. Fill Tested By + Test Date on every executed row.
B18: 6. Login accounts: use the quick-login buttons on the login page, or accounts provided by the admin. Never write passwords in this file.
B19: 7. Hard-refresh (Ctrl+F5) after the team deploys a fix before retesting.
B21: Status legend
B22: Pass | C22: Works exactly as the Expected Result describes
B23: Fail | C23: Does not match the Expected Result (describe in Comments)
B24: Blocked | C24: Cannot be executed (missing data/role/dependency failed)
B25: N/A | C25: Not applicable to this round/role
B27: Seeded UAT data (your starting point)
B28: - 5 active employees incl. E1101 Mohammed Al Mansoori, E1102 Fatima Al Hosani, E1103 Omar Khalil (seeded).
B29: - Documents seeded with expiries ~20 / ~45 days (compliance list + badge data) and one ~13 months out.
B30: - HR roles: SHAIKHA.GALAMERI = HR_MANAGER, SHAIKHA.ALSUWAIDI = HR_VIEWER.
B32: Live summary
B33: Functional area | C33: Cases | D33: Pass | E33: Fail | F33: Blocked | G33: Executed %
B34: Access & Session | C34: 2 | D34: =COUNTIF('Access & Session'!F:F,"Pass") | E34: =COUNTIF('Access & Session'!F:F,"Fail") | F34: =COUNTIF('Access & Session'!F:F,"Blocked") | G34: =ROUND(COUNTA('Access & Session'!F2:F500)/C34*100,0)&"%"
B35: Dashboard | C35: 2 | D35: =COUNTIF('Dashboard'!F:F,"Pass") | E35: =COUNTIF('Dashboard'!F:F,"Fail") | F35: =COUNTIF('Dashboard'!F:F,"Blocked") | G35: =ROUND(COUNTA('Dashboard'!F2:F500)/C35*100,0)&"%"
B36: People | C36: 8 | D36: =COUNTIF('People'!F:F,"Pass") | E36: =COUNTIF('People'!F:F,"Fail") | F36: =COUNTIF('People'!F:F,"Blocked") | G36: =ROUND(COUNTA('People'!F2:F500)/C36*100,0)&"%"
B37: Structure | C37: 4 | D37: =COUNTIF('Structure'!F:F,"Pass") | E37: =COUNTIF('Structure'!F:F,"Fail") | F37: =COUNTIF('Structure'!F:F,"Blocked") | G37: =ROUND(COUNTA('Structure'!F2:F500)/C37*100,0)&"%"
B38: Compliance | C38: 3 | D38: =COUNTIF('Compliance'!F:F,"Pass") | E38: =COUNTIF('Compliance'!F:F,"Fail") | F38: =COUNTIF('Compliance'!F:F,"Blocked") | G38: =ROUND(COUNTA('Compliance'!F2:F500)/C38*100,0)&"%"
B39: Administration | C39: 2 | D39: =COUNTIF('Administration'!F:F,"Pass") | E39: =COUNTIF('Administration'!F:F,"Fail") | F39: =COUNTIF('Administration'!F:F,"Blocked") | G39: =ROUND(COUNTA('Administration'!F2:F500)/C39*100,0)&"%"
B40: Shell & Language | C40: 3 | D40: =COUNTIF('Shell & Language'!F:F,"Pass") | E40: =COUNTIF('Shell & Language'!F:F,"Fail") | F40: =COUNTIF('Shell & Language'!F:F,"Blocked") | G40: =ROUND(COUNTA('Shell & Language'!F2:F500)/C40*100,0)&"%"
B41: TOTAL | C41: =SUM(C34:C40) | D41: =SUM(D34:D40) | E41: =SUM(E34:E40) | F41: =SUM(F34:F40)

Sheet Access & Session
A1: Test ID | B1: Function | C1: Test Scenario | D1: Steps | E1: Expected Result | F1: Status | G1: Tested By | H1: Test Date | I1: Comments / Defect Ref
A2: HR-ACC-01 | B2: Shared session | C2: Entry from Admin | D2: 1. Login in Admin 2. Switch to HR via the module dropdown | E2: HR opens logged-in; viewer/manager/admin nav per role
A3: HR-ACC-02 | B3: No session | C3: Direct open without login | D3: 1. Fresh private window > HR URL | E3: Redirected to Admin login

Sheet Dashboard
A1: Test ID | B1: Function | C1: Test Scenario | D1: Steps | E1: Expected Result | F1: Status | G1: Tested By | H1: Test Date | I1: Comments / Defect Ref
A2: HR-DSH-01 | B2: Stats | C2: Headcount cards | D2: 1. Open HR Dashboard | E2: Cards (headcount, vacancies, expiring docs) show live values
A3: HR-DSH-02 | B3: Charts | C3: Headcount + expiry horizon | D3: 1. Wait for both charts | E3: Approved vs filled headcount chart + document expiry horizon chart render

Sheet People
A1: Test ID | B1: Function | C1: Test Scenario | D1: Steps | E1: Expected Result | F1: Status | G1: Tested By | H1: Test Date | I1: Comments / Defect Ref
A2: HR-EMP-01 | B2: Employees list | C2: Paged list | D2: 1. Open Employees 2. Page next/previous | E2: Employee cards/rows with photo or initials; paging works without losing filters
A3: HR-EMP-02 | B3: Employees list | C3: Search + filters | D3: 1. Search by name 2. Filter by organisation and grade | E3: Server-side filtering; combined filters work; clear restores
A4: HR-EMP-03 | B4: Employee detail | C4: Full record | D4: 1. Open an employee | E4: Personal, job (position/grade/org), contacts, documents tabs all populated
A5: HR-EMP-04 | B5: Create | C5: New employee | D5: 1. New Employee: number, names EN/AR, hire date, position, org, grade 2. Save | E5: Employee created and findable; appears in headcount
A6: HR-EMP-05 | B6: Edit | C6: Update employee | D6: 1. Edit job title / phone / org 2. Save and reopen | E6: Changes persist
A7: HR-EMP-06 | B7: Photo | C7: Upload employee photo | D7: 1. In employee detail click photo/upload 2. Choose an image | E7: Picker opens; photo saved and shown in list + detail (small file < 20KB if large files fail)
A8: HR-EMP-07 | B8: Documents | C8: Add employee document | D8: 1. Add a document (type, number, expiry date) to an employee 2. Upload the file | E8: Document listed with expiry; appears in compliance views
A9: HR-EMP-08 | B9: Org hierarchy | C9: Org chart | D9: 1. Open Org Hierarchy | E9: Tree/chart of org units with employees; expand/collapse works

Sheet Structure
A1: Test ID | B1: Function | C1: Test Scenario | D1: Steps | E1: Expected Result | F1: Status | G1: Tested By | H1: Test Date | I1: Comments / Defect Ref
A2: HR-STR-01 | B2: Positions | C2: CRUD | D2: 1. Open Positions 2. Create a position (title, org, grade, headcount) 3. Edit it 4. Try assigning an employee to it | E2: Position created/edited; assignable to employees; filled count updates
A3: HR-STR-02 | B3: Jobs | C3: CRUD | D3: 1. Open Jobs 2. Create/edit a job | E3: Job persists; selectable on positions/employees
A4: HR-STR-03 | B4: Grades | C4: List + edit | D4: 1. Open Grades 2. Edit a grade label | E4: Grades listed; edit persists; grade dropdowns reflect it
A5: HR-STR-04 | B5: Locations | C5: CRUD | D5: 1. Open Locations 2. Add/edit a location | E5: Location persists; selectable on employees/positions

Sheet Compliance
A1: Test ID | B1: Function | C1: Test Scenario | D1: Steps | E1: Expected Result | F1: Status | G1: Tested By | H1: Test Date | I1: Comments / Defect Ref
A2: HR-CMP-01 | B2: Expiring documents | C2: Expiry list + badge | D2: 1. Open Documents (compliance) 2. Compare the side-nav badge number with rows | E2: Documents expiring within the window listed with days-left; badge matches
A3: HR-CMP-02 | B3: Document detail | C3: Navigate to employee | D3: 1. Click an expiring document | E3: Opens the owning employee's documents tab
A4: HR-CMP-03 | B4: Renewal | C4: Update expiry | D4: 1. Update a document's expiry to a future date | E4: Item leaves the expiring list; badge decreases

Sheet Administration
A1: Test ID | B1: Function | C1: Test Scenario | D1: Steps | E1: Expected Result | F1: Status | G1: Tested By | H1: Test Date | I1: Comments / Defect Ref
A2: HR-ADM-01 | B2: Lookups | C2: HR lookup values | D2: 1. Open Lookups 2. Add/edit a value in an HR category | E2: Value persists and appears in the matching dropdowns
A3: HR-ADM-02 | B3: Module settings | C3: HR settings | D3: 1. Open Module Settings 2. Edit a value and refresh | E3: Persists; no errors

Sheet Shell & Language
A1: Test ID | B1: Function | C1: Test Scenario | D1: Steps | E1: Expected Result | F1: Status | G1: Tested By | H1: Test Date | I1: Comments / Defect Ref
A2: HR-SHL-01 | B2: Switcher | C2: Cross-module hop | D2: 1. Module dropdown > Admin and back | E2: No re-login
A3: HR-SHL-02 | B3: Arabic | C3: RTL pass | D3: 1. Switch to AR 2. Walk Employees + Dashboard | E3: Mirrored layout; Arabic shell; Arabic names display correctly; Latin digits
A4: HR-SHL-03 | B4: Notifications | C4: HR notifications | D4: 1. Check the bell after document-expiry alerts run | E4: Expiry notifications visible and readable
