Workbook

Sheet Instructions
B2: i-Finance UAT Script
B3: Admin (App 200) — Identity, Users, Roles, Platform Administration
B5: Environment URL | C5: (fill in: e.g. http://localhost:8080 or the deployed URL)
B6: Build / version date | C6: 2026-06-12 (Phase 4)
B7: UAT round
B8: Lead tester
B9: Start date
B10: End date
B12: How to test
B13: 1. Each tab is one functional area. Work top-to-bottom; one row = one test case.
B14: 2. Follow the Steps column exactly; compare the outcome with Expected Result.
B15: 2b. Sample Data / Records tells you WHICH seeded record, account or value to use — prefer it over inventing your own so results are reproducible.
B16: 3. Set Status from the dropdown: Pass / Fail / Blocked / N/A.
B17: 4. On Fail or Blocked, ALWAYS fill Comments (what happened, screenshots reference, error text).
B18: 5. Fill Tested By + Test Date on every executed row.
B19: 6. Login accounts: use the quick-login buttons on the login page, or accounts provided by the admin. Never write passwords in this file.
... B22: Status legend
B23: Pass | C23: Works exactly as the Expected Result describes
B24: Fail | C24: Does not match the Expected Result (describe in Comments)
B25: Blocked | C25: Cannot be executed (missing data/role/dependency failed)
B26: N/A | C26: Not applicable to this round/role
B28: Seeded UAT data (your starting point)
B29: - 6 test accounts exist matching the quick-login buttons: ADMIN (SYS_ADMIN), HASHEM.ALKABBI (Director/approver), NASER.ALKHAJA, AYESHA.AMERI, SHAIKHA.GALAMERI, SHAIKHA.ALSUWAIDI (managers).
B30: - Module roles: AYESHA = Petty Cash admin/approver, HASHEM = DT approver, NASER = DT finance, SHAIKHA.GALAMERI = HR manager, SHAIKHA.ALSUWAIDI = HR viewer.
B32: Live summary
B33: Functional area | C33: Cases | D33: Pass | E33: Fail | F33: Blocked | G33: Executed %
B34: Login & Session | C34: 7 | D34: =COUNTIF('Login & Session'!G:G,"Pass") | E34: =COUNTIF('Login & Session'!G:G,"Fail") | F34: =COUNTIF('Login & Session'!G:G,"Blocked") | G34: =ROUND(COUNTA('Login & Session'!G2:G500)/C34*100,0)&"%"
B35: Dashboard | C35: 4 | D35: =COUNTIF('Dashboard'!G:G,"Pass") | E35: =COUNTIF('Dashboard'!G:G,"Fail") | F35: =COUNTIF('Dashboard'!G:G,"Blocked") | G35: =ROUND(COUNTA('Dashboard'!G2:G500)/C35*100,0)&"%"
B36: My Workspace | C36: 12 | D36: =COUNTIF('My Workspace'!G:G,"Pass") | E36: =COUNTIF('My Workspace'!G:G,"Fail") | F36: =COUNTIF('My Workspace'!G:G,"Blocked") | G36: =ROUND(COUNTA('My Workspace'!G2:G500)/C36*100,0)&"%"
B37: User Management | C37: 8 | D37: =COUNTIF('User Management'!G:G,"Pass") | E37: =COUNTIF('User Management'!G:G,"Fail") | F37: =COUNTIF('User Management'!G:G,"Blocked") | G37: =ROUND(COUNTA('User Management'!G2:G500)/C37*100,0)&"%"
B38: Roles & Permissions | C38: 5 | D38: =COUNTIF('Roles & Permissions'!G:G,"Pass") | E38: =COUNTIF('Roles & Permissions'!G:G,"Fail") | F38: =COUNTIF('Roles & Permissions'!G:G,"Blocked") | G38: =ROUND(COUNTA('Roles & Permissions'!G2:G500)/C38*100,0)&"%"
B39: Organisation | C39: 3 | D39: =COUNTIF('Organisation'!G:G,"Pass") | E39: =COUNTIF('Organisation'!G:G,"Fail") | F39: =COUNTIF('Organisation'!G:G,"Blocked") | G39: =ROUND(COUNTA('Organisation'!G2:G500)/C39*100,0)&"%"
B40: System Administration | C40: 9 | D40: =COUNTIF('System Administration'!G:G,"Pass") | E40: =COUNTIF('System Administration'!G:G,"Fail") | F40: =COUNTIF('System Administration'!G:G,"Blocked") | G40: =ROUND(COUNTA('System Administration'!G2:G500)/C40*100,0)&"%"
B41: Delegations & Announcements | C41: 9 | D41: =COUNTIF('Delegations & Announcements'!G:G,"Pass") | E41: =COUNTIF('Delegations & Announcements'!G:G,"Fail") | F41: =COUNTIF('Delegations & Announcements'!G:G,"Blocked") | G41: =ROUND(COUNTA('Delegations & Announcements'!G2:G500)/C41*100,0)&"%"
B42: Shell & Platform | C42: 7 | D42: =COUNTIF('Shell & Platform'!G:G,"Pass") | E42: =COUNTIF('Shell & Platform'!G:G,"Fail") | F42: =COUNTIF('Shell & Platform'!G:G,"Blocked") | G42: =ROUND(COUNTA('Shell & Platform'!G2:G500)/C42*100,0)&"%"
B43: TOTAL | C43: =SUM(C34:C42) | D43: =SUM(D34:D42) | E43: =SUM(E34:E42) | F43: =SUM(F34:F42)

Sheet Login & Session
A1: Test ID | B1: Function | C1: Test Scenario | D1: Steps | E1: Sample Data / Records | F1: Expected Result | G1: Status | H1: Tested By | I1: Test Date | J1: Comments / Defect Ref
A2: ADMIN-LOG-01 | B2: Login | C2: Valid login | D2: 1. Open the app URL 2. Enter a valid username + password (or use a quick-login button) 3. Click Sign In | E2: Quick-login: System Admin (ADMIN) | F2: Dashboard opens; top bar shows your name and avatar initials; side navigation matches your role
A3: ADMIN-LOG-02 | B3: Login | C3: Invalid password | D3: 1. Enter a valid username with a wrong password 2. Click Sign In | E3: Username ADMIN + any wrong password | F3: Error message 'Invalid credentials or account inactive'; stays on login page
A4: ADMIN-LOG-03 | B4: Login | C4: Inactive account | D4: 1. Login with a deactivated account (ask admin to deactivate a test user first) | E4: Create + deactivate UAT.TESTER1 first (User Management) | F4: Login refused with the same generic error
A5: ADMIN-LOG-04 | B5: Session | C5: Refresh keeps session | D5: 1. Login 2. Press F5 / Ctrl+F5 on any page | E5: Quick-login buttons on the login page (ADMIN, HASHEM.ALKABBI, NASER.ALKHAJA…) | F5: Still logged in; same page or dashboard reopens (no login prompt)
A6: ADMIN-LOG-05 | B6: Session | C6: Deep link without session | D6: 1. Logout 2. Open the app URL again | E6: Quick-login buttons on the login page (ADMIN, HASHEM.ALKABBI, NASER.ALKHAJA…) | F6: Login page shown; no app content visible before login
A7: ADMIN-LOG-06 | B7: Logout | C7: Logout clears session | D7: 1. Click your avatar (top-right) > Logout 2. Press Back in the browser | E7: Quick-login buttons on the login page (ADMIN, HASHEM.ALKABBI, NASER.ALKHAJA…) | F7: Returned to login; Back does not re-enter the app with data
A8: ADMIN-LOG-07 | B8: Login | C8: Arabic login page | D8: 1. On the login page switch language to AR (ع) 2. Login | E8: Quick-login buttons on the login page (ADMIN, HASHEM.ALKABBI, NASER.ALKHAJA…) | F8: Login page is mirrored (RTL) with Arabic labels; after login the app stays in Arabic

Sheet Dashboard
A1: Test ID | B1: Function | C1: Test Scenario | D1: Steps | E1: Sample Data / Records | F1: Expected Result | G1: Status | H1: Tested By | I1: Test Date | J1: Comments / Defect Ref
A2: ADMIN-DSH-01 | B2: Headline counts | C2: Stats cards show live numbers | D2: 1. Open Home/Dashboard 2. Compare 'Users' count with the Users list total | F2: Cards show non-zero sensible numbers; users count matches the Users page total
A3: ADMIN-DSH-02 | B3: Charts | C3: Both charts render | D3: 1. Open Dashboard 2. Wait for charts to load | F3: Approval cycle-time bar chart + 30-day activity line chart render with axes and legend; no empty boxes
A4: ADMIN-DSH-03 | B4: Charts | C4: Charts survive navigation | D4: 1. Open Dashboard 2. Navigate to Users, then back to Dashboard | F4: Charts render again correctly (not blank, not duplicated)
A5: ADMIN-DSH-04 | B5: Loading states | C5: Skeleton then data | D5: 1. Hard-refresh (Ctrl+F5) on Dashboard | F5: Brief skeleton/placeholder shown, then real data; no flash of errors

Sheet My Workspace
A1: Test ID | B1: Function | C1: Test Scenario | D1: Steps | E1: Sample Data / Records | F1: Expected Result | G1: Status | H1: Tested By | I1: Test Date | J1: Comments / Defect Ref
A2: ADMIN-WSP-01 | B2: My Profile | C2: Profile loads current data | D2: 1. Go to My Workspace > My Profile | F2: Display names, email, phone, employee number, organisation are the CURRENT values from the server
A3: ADMIN-WSP-02 | B3: My Profile | C3: Update phone persists | D3: 1. Change Phone 2. Click Save Profile 3. Hard-refresh (Ctrl+F5) and reopen My Profile | E3: Phone: +97150 000 1234 (restore the original after) | F3: Success banner on save; after refresh the NEW phone is still shown
A4: ADMIN-WSP-03 | B4: My Profile | C4: Update Arabic display name | D4: 1. Edit Display Name (Arabic) 2. Save 3. Refresh and recheck | F4: Arabic name saved and persists; shown RTL in the field
A5: ADMIN-WSP-04 | B5: My Profile | C5: Employee number not lost | D5: 1. Note your Employee Number 2. Change phone and Save Profile 3. Refresh | F5: Employee Number is unchanged after a profile save
A6: ADMIN-WSP-05 | B6: My Profile | C6: Upload photo | D6: 1. Click Change Photo 2. Pick a JPG/PNG (any size) 3. Wait for upload | E6: Any JPG/PNG photo file | F6: File picker opens; avatar shows the photo; photo still there after Ctrl+F5
A7: ADMIN-WSP-06 | B7: My Profile | C7: Replace photo | D7: 1. Upload a different photo over the existing one | F7: New photo replaces the old one without errors
A8: ADMIN-WSP-07 | B8: Change password | C8: Happy path | D8: 1. In Change Password enter a new valid password twice 2. Submit 3. Logout and login with the NEW password 4. Change it back | F8: Success message; old password no longer works; new one does
A9: ADMIN-WSP-08 | B9: Change password | C9: Validation | D9: 1. Try mismatching passwords 2. Try a password shorter than 8 characters | F9: Clear validation errors; nothing saved
A10: ADMIN-WSP-09 | B10: Notifications | C10: List + unread badge | D10: 1. Open Notifications 2. Compare the bell badge count with unread rows | F10: List loads; badge equals the number of unread notifications
A11: ADMIN-WSP-10 | B11: Notifications | C11: Mark as read | D11: 1. Mark one notification as read | F11: Row state changes; bell badge count decreases by 1
A12: ADMIN-WSP-11 | B12: Pending approvals | C12: My queue | D12: 1. Open Pending Approvals (use an approver account with pending items) | F12: Only items waiting for YOUR approval are listed with module, requester, date
A13: ADMIN-WSP-12 | B13: Pending approvals | C13: Approve / reject | D13: 1. Approve one item 2. Reject another with a comment | F13: Items leave the queue; requester gets a notification; status history updated

Sheet User Management
A1: Test ID | B1: Function | C1: Test Scenario | D1: Steps | E1: Sample Data / Records | F1: Expected Result | G1: Status | H1: Tested By | I1: Test Date | J1: Comments / Defect Ref
A2: ADMIN-USR-01 | B2: Users list | C2: Server pagination | D2: 1. Open Users 2. Check the pager caption (e.g. '1-50 of N') 3. Click next page | F2: Counts are correct; next page loads different rows; pager updates
A3: ADMIN-USR-02 | B3: Users list | C3: Search | D3: 1. Type part of a name/username in search 2. Pause typing | F3: List filters after a short delay (server search); count updates; clearing search restores the full list
A4: ADMIN-USR-03 | B4: Users list | C4: Status filter | D4: 1. Filter by Active, then Inactive | F4: Only matching users shown each time
A5: ADMIN-USR-04 | B5: Create user | C5: Happy path | D5: 1. Click New User 2. Fill username, names, email, org, role(s), password 3. Save 4. Logout and login as the new user | E5: Username UAT.TESTER1 · role PLATFORM_USER · org Finance Division | F5: User created and appears in the list; new user can login and sees role-appropriate navigation
A6: ADMIN-USR-05 | B6: Create user | C6: Duplicate username | D6: 1. Create a user with an existing username | E6: Existing username: NASER.ALKHAJA | F6: Clear error; no duplicate created
A7: ADMIN-USR-06 | B7: Edit user | C7: Change roles | D7: 1. Edit a test user 2. Add/remove a role 3. Save 4. Login as that user | E7: Test user UAT.TESTER1 — add/remove AUDITOR | F7: Saved roles reflected; navigation/permissions change accordingly
A8: ADMIN-USR-07 | B8: Edit user | C8: Edit fields | D8: 1. Edit display names / email / phone / employee number / org 2. Save and reopen | F8: All edited values persisted and shown
A9: ADMIN-USR-08 | B9: Deactivate | C9: Deactivate + reactivate | D9: 1. Deactivate a test user 2. Try logging in as them 3. Reactivate | F9: Deactivated user cannot login; after reactivation they can

Sheet Roles & Permissions
A1: Test ID | B1: Function | C1: Test Scenario | D1: Steps | E1: Sample Data / Records | F1: Expected Result | G1: Status | H1: Tested By | I1: Test Date | J1: Comments / Defect Ref
A2: ADMIN-ROL-01 | B2: Roles list | C2: Vault list renders | D2: 1. Open Roles | F2: Dark 'Vault' page lists roles with code, type, member count, active state
A3: ADMIN-ROL-02 | B3: Create role | C3: New role | D3: 1. Create a role with code + names 2. Save | E3: Code UAT_ROLE1, name 'UAT Test Role' (delete/deactivate after) | F3: Role appears in the list; audit entry recorded
A4: ADMIN-ROL-03 | B4: Edit role | C4: Assign permissions | D4: 1. Open a role 2. Toggle several permissions on/off 3. Save 4. Reopen | F4: Saved toggles persist; member count unchanged
A5: ADMIN-ROL-04 | B5: Permission matrix | C5: Matrix view | D5: 1. Open Permissions 2. Locate a role column and toggle a cell 3. Save | F5: Matrix shows roles x permissions; toggle animates; change persists after reload
A6: ADMIN-ROL-05 | B6: Permissions | C6: Effect on user | D6: 1. Remove a permission from a role 2. Login as a user with ONLY that role | F6: Corresponding function is hidden/refused for that user (restore afterwards)

Sheet Organisation
A1: Test ID | B1: Function | C1: Test Scenario | D1: Steps | E1: Sample Data / Records | F1: Expected Result | G1: Status | H1: Tested By | I1: Test Date | J1: Comments / Defect Ref
A2: ADMIN-ORG-01 | B2: Hierarchy | C2: Tree renders | D2: 1. Open Org Hierarchy | F2: Organisation tree shows with expand/collapse; correct parent-child structure
A3: ADMIN-ORG-02 | B3: Hierarchy | C3: Add unit | D3: 1. Add a child org unit (EN + AR names) 2. Save | F3: New unit appears under its parent; available in user org dropdown
A4: ADMIN-ORG-03 | B4: Hierarchy | C4: Edit / deactivate unit | D4: 1. Rename a test unit 2. Deactivate it | F4: Rename persists; deactivated unit flagged and not offered for new users

Sheet System Administration
A1: Test ID | B1: Function | C1: Test Scenario | D1: Steps | E1: Sample Data / Records | F1: Expected Result | G1: Status | H1: Tested By | I1: Test Date | J1: Comments / Defect Ref
A2: ADMIN-SYS-01 | B2: Module registry | C2: List + toggle | D2: 1. Open Module Registry 2. Toggle a non-critical module inactive and back | F2: Modules (PC/DT/HR/FL/CC...) listed with status; toggle persists
A3: ADMIN-SYS-02 | B3: Approval templates | C3: View / edit template | D3: 1. Open Approval Templates 2. Open one template and review steps (sequence, role, escalation days) 3. Edit a non-production template | F3: Steps listed in order; edits persist
A4: ADMIN-SYS-03 | B4: Approval monitor | C4: In-flight instances | D4: 1. Open Approval Monitor 2. Filter by module/status | F4: Live approval instances with current step; filters work
A5: ADMIN-SYS-04 | B5: Lookups | C5: Add lookup value | D5: 1. Open Lookups 2. Pick a category (e.g. a status set) 3. Add a value (code + EN/AR names) 4. Edit it, then disable it | E5: Category CC_REPLACEMENT_REASON — add code UAT_TEST | F5: Value appears immediately; edits persist; disabled value stops appearing in module dropdowns
A6: ADMIN-SYS-05 | B6: System settings | C6: Edit a setting | D6: 1. Open System Settings 2. Edit a non-system setting value 3. Save and refresh | F6: New value persists; system-flagged settings are read-only
A7: ADMIN-SYS-06 | B7: System settings | C7: Secrets masked | D7: 1. Locate a key/password-type setting (e.g. API key) | F7: Value displays as ******** ; saving the mask back is refused (no secret overwrite)
A8: ADMIN-SYS-07 | B8: Theme setting | C8: Brand color from settings | D8: 1. Edit THEME_BRAND_COLOR (e.g. #7B1FA2) 2. Hard-refresh the app | E8: THEME_BRAND_COLOR = #7B1FA2 (restore #C74634 after) | F8: App chrome (buttons, accents) adopts the new color; restore the original afterwards
A9: ADMIN-SYS-08 | B9: Audit log | C9: Pagination + filter | D9: 1. Open Audit Log 2. Check pager caption 3. Filter by action (e.g. LOGIN) 4. Page through | F9: Server-paged list; filter narrows rows; newest entries first; your own recent actions appear
A10: ADMIN-SYS-09 | B10: Appearance | C10: Theme switch | D10: 1. Open Appearance 2. Switch theme and back | F10: Theme applies immediately and persists across refresh

Sheet Delegations & Announcements
A1: Test ID | B1: Function | C1: Test Scenario | D1: Steps | E1: Sample Data / Records | F1: Expected Result | G1: Status | H1: Tested By | I1: Test Date | J1: Comments / Defect Ref
A2: ADMIN-DLG-01 | B2: My delegations | C2: Profile shows real data | D2: 1. Open My Workspace > My Profile 2. Scroll to My Delegations | E2: Login AYESHA.AMERI — shows 'Acting for Naser Al Khaja' (incoming, seeded) | F2: Real delegations from the server (not placeholders); outgoing show 'Delegating to', incoming show 'Acting for'
A3: ADMIN-DLG-02 | B3: Create delegation | C3: Delegate my authority | D3: 1. In My Profile click + New Delegation 2. Pick a user, end date (e.g. +7 days), reason 3. Create | E3: Delegate to HASHEM.ALKABBI, end date +7 days, reason 'UAT' | F3: Delegation appears ACTIVE in the list; the delegate now sees your pending approvals with an 'acting for' badge
A4: ADMIN-DLG-03 | B4: Acting for | C4: Delegate sees the queue | D4: 1. Login as the delegate 2. Open Pending Approvals (Admin) or the module's approvals page | E4: Login AYESHA.AMERI — NASER's pending items carry 'acting for' badge | F4: Items requiring the delegator's role are listed with an 'acting for <name>' badge; delegate can approve/reject
A5: ADMIN-DLG-04 | B5: Cancel delegation | C5: Stop the cover | D5: 1. As the delegator (or SYS_ADMIN) cancel the ACTIVE delegation | E5: Cancel the delegation created in the previous case | F5: Status becomes CANCELLED; the delegate's queue no longer shows the delegated items
A6: ADMIN-DLG-05 | B6: Oversight | C6: System > Delegations | D6: 1. Login as SYS_ADMIN 2. Open System > Delegations 3. Filter by status | E6: Seeded NASER→AYESHA row + your test rows | F6: All delegations platform-wide with delegator, delegate, scope, window; expired ones flip to EXPIRED automatically
A7: ADMIN-DLG-06 | B7: Announcements admin | C7: Create an announcement | D7: 1. Open System > Announcements 2. + New Announcement: EN+AR titles, severity, audience 3. Save | E7: Title 'UAT banner test' / INFO / Everyone (deactivate after) | F7: Announcement listed; appears as a colored banner at the top of the targeted apps within a refresh
A8: ADMIN-DLG-07 | B8: Banner audience | C8: Module-targeted banner | D8: 1. Create a WARNING announcement targeted at module CREDIT_CARDS 2. Open the CC app, then the PC app | E8: WARNING targeted at module CREDIT_CARDS (seeded example exists) | F8: Banner shows in CC only; PC does not show it; ALL announcements show everywhere
A9: ADMIN-DLG-08 | B9: Banner dismiss | C9: Dismiss persists for the session | D9: 1. Click the X on a banner 2. Navigate around 3. Close the tab, reopen and login | E9: Seeded banner: 'Freelancers & Credit Cards modules are live' | F9: Dismissed banner stays hidden while the session lasts; reappears in a new session if still active
A10: ADMIN-DLG-09 | B10: Deactivate | C10: Pull an announcement | D10: 1. In System > Announcements deactivate one | E10: Deactivate your 'UAT banner test' announcement | F10: It stops appearing in all apps (after refresh); stays in the admin list as inactive

Sheet Shell & Platform
A1: Test ID | B1: Function | C1: Test Scenario | D1: Steps | E1: Sample Data / Records | F1: Expected Result | G1: Status | H1: Tested By | I1: Test Date | J1: Comments / Defect Ref
A2: ADMIN-SHL-01 | B2: Module switcher | C2: Switch to another module | D2: 1. Click the module dropdown in the top bar 2. Choose HR (or PC/DT) | F2: Target app opens WITHOUT a second login (shared session); switcher highlights the current module
A3: ADMIN-SHL-02 | B3: Module switcher | C3: FL + CC are live | D3: 1. Open the module dropdown | E3: Switcher: Freelancers APP 203 + Credit Cards APP 202 (no 'soon') | F3: Freelancers (APP 203) and Credit Cards (APP 202) appear WITHOUT a 'soon' badge and open their apps
A4: ADMIN-SHL-03 | B4: Language | C4: EN to AR live switch | D4: 1. Click the ع button in the top bar | F4: Entire page flips RTL instantly: top bar, side nav, content; Arabic font; numbers stay Latin digits
A5: ADMIN-SHL-04 | B5: Language | C5: AR persists across login | D5: 1. Switch to AR 2. Logout, close browser, reopen and login | F5: App opens in Arabic (server-stored preference); switch back to EN at the end
A6: ADMIN-SHL-05 | B6: Side navigation | C6: Collapse / expand | D6: 1. Click the hamburger icon | F6: Side nav collapses/expands; content area adjusts
A7: ADMIN-SHL-06 | B7: Role-based nav | C7: Menu matches role | D7: 1. Login as a non-admin user | F7: Admin-only groups (User Management, System) are hidden
A8: ADMIN-SHL-07 | B8: Error handling | C8: API failure feedback | D8: 1. Disconnect network (or stop the proxy) 2. Try loading a list | F8: Friendly error state with Retry + a toast; no frozen skeleton, no blank screen
