Workbook

Sheet Instructions
B2: i-Finance UAT Script
B3: Duty Travel (App 204) — Travel Requests, Per-Diem, Settlements
B5: Environment URL | C5: (fill in: e.g. http://localhost:8080 or the deployed URL)
B6: Build / version date | C6: 2026-06-11
B7: UAT round
B8: Lead tester
B9: Start date
B10: End date
B12: How to test
B13: 1. Each tab is one functional area. Work top-to-bottom; one row = one test case.
B14: 2. Follow the Steps column exactly; compare the outcome with Expected Result.
B15: 3. Set Status from the dropdown: Pass / Fail / Blocked / N/A.
B16: 4. On Fail or Blocked, ALWAYS fill Comments (what happened, screenshots reference, error text).
B17: 5. Fill Tested By + Test Date on every executed row.
B18: 6. Login accounts: use the quick-login buttons on the login page, or accounts provided by the admin. Never write passwords in this file.
B19: 7. Hard-refresh (Ctrl+F5) after the team deploys a fix before retesting.
B21: Status legend
B22: Pass | C22: Works exactly as the Expected Result describes
B23: Fail | C23: Does not match the Expected Result (describe in Comments)
B24: Blocked | C24: Cannot be executed (missing data/role/dependency failed)
B25: N/A | C25: Not applicable to this round/role
B27: Seeded UAT data (your starting point)
B28: - DT-REQ-2026-00001 (NASER, Paris) - DRAFT: use for edit/submit tests.
B29: - DT-REQ-2026-00002 (AYESHA, London) - SUBMITTED: in HASHEM's approval queue.
B30: - DT-REQ-2026-00003 (SHAIKHA.GALAMERI, Riyadh, trip already past) - ADVANCE_PAID: use to create a Settlement.
B31: - Config seeded: per-diem rates (18 countries + tiers + regions), 50 country-group mappings, 2 approval workflows.
B33: Live summary
B34: Functional area | C34: Cases | D34: Pass | E34: Fail | F34: Blocked | G34: Executed %
B35: Access & Session | C35: 3 | D35: =COUNTIF('Access & Session'!F:F,"Pass") | E35: =COUNTIF('Access & Session'!F:F,"Fail") | F35: =COUNTIF('Access & Session'!F:F,"Blocked") | G35: =ROUND(COUNTA('Access & Session'!F2:F500)/C35*100,0)&"%"
B36: Dashboard | C36: 2 | D36: =COUNTIF('Dashboard'!F:F,"Pass") | E36: =COUNTIF('Dashboard'!F:F,"Fail") | F36: =COUNTIF('Dashboard'!F:F,"Blocked") | G36: =ROUND(COUNTA('Dashboard'!F2:F500)/C36*100,0)&"%"
B37: My Travel | C37: 9 | D37: =COUNTIF('My Travel'!F:F,"Pass") | E37: =COUNTIF('My Travel'!F:F,"Fail") | F37: =COUNTIF('My Travel'!F:F,"Blocked") | G37: =ROUND(COUNTA('My Travel'!F2:F500)/C37*100,0)&"%"
B38: Approvals | C38: 2 | D38: =COUNTIF('Approvals'!F:F,"Pass") | E38: =COUNTIF('Approvals'!F:F,"Fail") | F38: =COUNTIF('Approvals'!F:F,"Blocked") | G38: =ROUND(COUNTA('Approvals'!F2:F500)/C38*100,0)&"%"
B39: Finance | C39: 3 | D39: =COUNTIF('Finance'!F:F,"Pass") | E39: =COUNTIF('Finance'!F:F,"Fail") | F39: =COUNTIF('Finance'!F:F,"Blocked") | G39: =ROUND(COUNTA('Finance'!F2:F500)/C39*100,0)&"%"
B40: Administration | C40: 2 | D40: =COUNTIF('Administration'!F:F,"Pass") | E40: =COUNTIF('Administration'!F:F,"Fail") | F40: =COUNTIF('Administration'!F:F,"Blocked") | G40: =ROUND(COUNTA('Administration'!F2:F500)/C40*100,0)&"%"
B41: Configuration | C41: 5 | D41: =COUNTIF('Configuration'!F:F,"Pass") | E41: =COUNTIF('Configuration'!F:F,"Fail") | F41: =COUNTIF('Configuration'!F:F,"Blocked") | G41: =ROUND(COUNTA('Configuration'!F2:F500)/C41*100,0)&"%"
B42: Shell & Language | C42: 3 | D42: =COUNTIF('Shell & Language'!F:F,"Pass") | E42: =COUNTIF('Shell & Language'!F:F,"Fail") | F42: =COUNTIF('Shell & Language'!F:F,"Blocked") | G42: =ROUND(COUNTA('Shell & Language'!F2:F500)/C42*100,0)&"%"
B43: TOTAL | C43: =SUM(C35:C42) | D43: =SUM(D35:D42) | E43: =SUM(E35:E42) | F43: =SUM(F35:F42)

Sheet Access & Session
A1: Test ID | B1: Function | C1: Test Scenario | D1: Steps | E1: Expected Result | F1: Status | G1: Tested By | H1: Test Date | I1: Comments / Defect Ref
A2: DT-ACC-01 | B2: Shared session | C2: Entry from Admin | D2: 1. Login in Admin 2. Switch to Duty Travel via the module dropdown | E2: DT opens logged-in; correct nav for your role
A3: DT-ACC-02 | B3: No session | C3: Direct open without login | D3: 1. In a fresh private window open the DT URL | E3: Redirected to Admin login
A4: DT-ACC-03 | B4: Role gating | C4: Finance/Admin menus | D4: 1. Compare menus as requester vs finance vs admin | E4: Finance (disbursement/closure) and Admin (all requests/report) groups only for those roles

Sheet Dashboard
A1: Test ID | B1: Function | C1: Test Scenario | D1: Steps | E1: Expected Result | F1: Status | G1: Tested By | H1: Test Date | I1: Comments / Defect Ref
A2: DT-DSH-01 | B2: Stats | C2: Cards + recent requests | D2: 1. Open DT Dashboard | E2: Cards show counts; recent requests list populated
A3: DT-DSH-02 | B3: Charts | C3: Monthly spend + status funnel | D3: 1. Wait for both charts | E3: 12-month advances vs per-diem line + status funnel render with data

Sheet My Travel
A1: Test ID | B1: Function | C1: Test Scenario | D1: Steps | E1: Expected Result | F1: Status | G1: Tested By | H1: Test Date | I1: Comments / Defect Ref
A2: DT-TRV-01 | B2: My requests | C2: List + status | D2: 1. Open My Requests | E2: Your travel requests with destination, dates, amount, status badge
A3: DT-TRV-02 | B3: Create | C3: New travel request | D3: 1. New Request: traveller, destination country/city, purpose, dates 2. Check per-diem auto-calculation 3. Save draft | E3: Per-diem computes from country group + grade and nights; draft saved with request number
A4: DT-TRV-03 | B4: Create | C4: Advance request | D4: 1. In the request enable/enter a cash advance | E4: Advance amount validated against policy and stored
A5: DT-TRV-04 | B5: Validation | C5: Dates + required fields | D5: 1. Try end date before start date; missing destination | E5: Clear validation errors; cannot submit
A6: DT-TRV-05 | B6: Documents | C6: Attach required docs | D6: 1. Attach the documents required for the destination/type 2. Try submitting without them | E6: Missing mandatory docs block submission; with docs it submits
A7: DT-TRV-06 | B7: Submit | C7: Send for approval | D7: 1. Submit the draft | E7: Status pending; appears in approver queue; status history started
A8: DT-TRV-07 | B8: Detail | C8: Request detail | D8: 1. Open a request | E8: Segments, per-diem breakdown, advance, documents, history timeline all visible
A9: DT-TRV-08 | B9: Settlement | C9: Create settlement | D9: 1. After a disbursed trip open My Settlements > New 2. Enter actuals/receipts 3. Submit | E9: Settlement created and linked to the request; difference (refund/claim) computed
A10: DT-TRV-09 | B10: My settlements | C10: Track settlement status | D10: 1. Open My Settlements | E10: Settlements with statuses; detail opens

Sheet Approvals
A1: Test ID | B1: Function | C1: Test Scenario | D1: Steps | E1: Expected Result | F1: Status | G1: Tested By | H1: Test Date | I1: Comments / Defect Ref
A2: DT-APR-01 | B2: Queue | C2: Pending approvals | D2: 1. As approver open Approvals | E2: DT items awaiting your step; badge matches
A3: DT-APR-02 | B3: Approve / Reject | C3: Action with comment | D3: 1. Approve one; reject one with reason | E3: Statuses advance; requester notified; history updated

Sheet Finance
A1: Test ID | B1: Function | C1: Test Scenario | D1: Steps | E1: Expected Result | F1: Status | G1: Tested By | H1: Test Date | I1: Comments / Defect Ref
A2: DT-FIN-01 | B2: Disbursement queue | C2: Pay approved advances | D2: 1. As finance open Disbursement Queue 2. Mark an approved request disbursed | E2: Request leaves the queue; status DISBURSED; history updated
A3: DT-FIN-02 | B3: Closure queue | C3: Close settled trips | D3: 1. Open Closure Queue 2. Close a fully settled request | E3: Request closed; removed from open lists
A4: DT-FIN-03 | B4: All settlements | C4: Finance settlements view | D4: 1. Open All Settlements | E4: Org-wide settlements with statuses and amounts

Sheet Administration
A1: Test ID | B1: Function | C1: Test Scenario | D1: Steps | E1: Expected Result | F1: Status | G1: Tested By | H1: Test Date | I1: Comments / Defect Ref
A2: DT-ADM-01 | B2: All requests | C2: Paged admin list | D2: 1. Open All Requests 2. Check pager; search; filter by status | E2: Org-wide server-paged list; filters work; 'mine' lists elsewhere unaffected
A3: DT-ADM-02 | B3: Travel report | C3: Aggregated report | D3: 1. Open Travel Report 2. Apply period/org filters | E3: Aggregates (trips, spend, advances) consistent with the lists

Sheet Configuration
A1: Test ID | B1: Function | C1: Test Scenario | D1: Steps | E1: Expected Result | F1: Status | G1: Tested By | H1: Test Date | I1: Comments / Defect Ref
A2: DT-CFG-01 | B2: Per-diem rates | C2: Rates by group/grade | D2: 1. Open Per Diem Rates 2. Edit one rate 3. Create a new request for that group/grade | E2: New rate persists and is used in the calculation (restore afterwards)
A3: DT-CFG-02 | B3: Country groups | C3: Country assignment | D3: 1. Open Country Groups 2. Move a country to another group | E3: Mapping persists; per-diem for that country follows the new group
A4: DT-CFG-03 | B4: Doc requirements | C4: Required docs matrix | D4: 1. Open Doc Requirements 2. Add a required doc for a travel type | E4: New requirement enforced on the next request of that type (remove afterwards)
A5: DT-CFG-04 | B5: Approval rules | C5: DT rules | D5: 1. Open Approval Rules | E5: Steps/thresholds match the approval template
A6: DT-CFG-05 | B6: Module settings | C6: DT settings | D6: 1. Edit a DT module setting and refresh | E6: Value persists; behaviour/brand follows

Sheet Shell & Language
A1: Test ID | B1: Function | C1: Test Scenario | D1: Steps | E1: Expected Result | F1: Status | G1: Tested By | H1: Test Date | I1: Comments / Defect Ref
A2: DT-SHL-01 | B2: Switcher | C2: Cross-module hop | D2: 1. Use the module dropdown to another app and back | E2: No re-login; DT state intact
A3: DT-SHL-02 | B3: Arabic | C3: RTL pass | D3: 1. Switch to AR and walk My Requests + Dashboard | E3: Mirrored layout, Arabic shell labels, Latin digits, lists load
A4: DT-SHL-03 | B4: Notifications | C4: DT notifications | D4: 1. Trigger approval/disbursement events | E4: Bell shows them; readable detail
