Workbook

Sheet Instructions
B2: i-Finance UAT Script
B3: Credit Cards (App 202) — Cards, Requests, Replenishments
B5: Environment URL | C5: (fill in: e.g. http://localhost:8080 or the deployed URL)
B6: Build / version date | C6: 2026-06-12 (Phase 4)
B7: UAT round
B8: Lead tester
B9: Start date
B10: End date
B12: How to test
B13: 1. Each tab is one functional area. Work top-to-bottom; one row = one test case.
B14: 2. Follow the Steps column exactly; compare the outcome with Expected Result.
B15: 2b. Sample Data / Records tells you WHICH seeded record, account or value to use — prefer it over inventing your own so results are reproducible.
B16: 3. Set Status from the dropdown: Pass / Fail / Blocked / N/A.
B17: 4. On Fail or Blocked, ALWAYS fill Comments (what happened, screenshots reference, error text).
B18: 5. Fill Tested By + Test Date on every executed row.
B19: 6. Login accounts: use the quick-login buttons on the login page, or accounts provided by the admin. Never write passwords in this file.
... B22: Status legend
B23: Pass | C23: Works exactly as the Expected Result describes
B24: Fail | C24: Does not match the Expected Result (describe in Comments)
B25: Blocked | C25: Cannot be executed (missing data/role/dependency failed)
B26: N/A | C26: Not applicable to this round/role
B28: Seeded UAT data (your starting point)
B29: - CC roles: NASER.ALKHAJA = CC_ADMIN; card holders: SHAIKHA.ALSUWAIDI (CC-2026-00002, 20k) and HASHEM.ALKABBI (CC-2026-00003, 12k). CC-2026-00001 is a CLOSED test card.
B30: - CCM-2026-05-00001 (May statement, 3 merchant lines, 1,970.50) - SUBMITTED, awaiting approval.
B31: - One INCREASE_LIMIT request exists in WITHDRAWN state (negative-path evidence).
B32: - Doc requirements seeded: 4 mandatory documents for NEW_CARD; check the wizard checklist against them.
B34: Live summary
B35: Functional area | C35: Cases | D35: Pass | E35: Fail | F35: Blocked | G35: Executed %
B36: Access & Session | C36: 3 | D36: =COUNTIF('Access & Session'!G:G,"Pass") | E36: =COUNTIF('Access & Session'!G:G,"Fail") | F36: =COUNTIF('Access & Session'!G:G,"Blocked") | G36: =ROUND(COUNTA('Access & Session'!G2:G500)/C36*100,0)&"%"
B37: Dashboard | C37: 2 | D37: =COUNTIF('Dashboard'!G:G,"Pass") | E37: =COUNTIF('Dashboard'!G:G,"Fail") | F37: =COUNTIF('Dashboard'!G:G,"Blocked") | G37: =ROUND(COUNTA('Dashboard'!G2:G500)/C37*100,0)&"%"
B38: My Card | C38: 4 | D38: =COUNTIF('My Card'!G:G,"Pass") | E38: =COUNTIF('My Card'!G:G,"Fail") | F38: =COUNTIF('My Card'!G:G,"Blocked") | G38: =ROUND(COUNTA('My Card'!G2:G500)/C38*100,0)&"%"
B39: Card Requests | C39: 6 | D39: =COUNTIF('Card Requests'!G:G,"Pass") | E39: =COUNTIF('Card Requests'!G:G,"Fail") | F39: =COUNTIF('Card Requests'!G:G,"Blocked") | G39: =ROUND(COUNTA('Card Requests'!G2:G500)/C39*100,0)&"%"
B40: Replenishments | C40: 5 | D40: =COUNTIF('Replenishments'!G:G,"Pass") | E40: =COUNTIF('Replenishments'!G:G,"Fail") | F40: =COUNTIF('Replenishments'!G:G,"Blocked") | G40: =ROUND(COUNTA('Replenishments'!G2:G500)/C40*100,0)&"%"
B41: Approvals | C41: 3 | D41: =COUNTIF('Approvals'!G:G,"Pass") | E41: =COUNTIF('Approvals'!G:G,"Fail") | F41: =COUNTIF('Approvals'!G:G,"Blocked") | G41: =ROUND(COUNTA('Approvals'!G2:G500)/C41*100,0)&"%"
B42: Administration | C42: 4 | D42: =COUNTIF('Administration'!G:G,"Pass") | E42: =COUNTIF('Administration'!G:G,"Fail") | F42: =COUNTIF('Administration'!G:G,"Blocked") | G42: =ROUND(COUNTA('Administration'!G2:G500)/C42*100,0)&"%"
B43: Shell & Language | C43: 2 | D43: =COUNTIF('Shell & Language'!G:G,"Pass") | E43: =COUNTIF('Shell & Language'!G:G,"Fail") | F43: =COUNTIF('Shell & Language'!G:G,"Blocked") | G43: =ROUND(COUNTA('Shell & Language'!G2:G500)/C43*100,0)&"%"
B44: TOTAL | C44: =SUM(C36:C43) | D44: =SUM(D36:D43) | E44: =SUM(E36:E43) | F44: =SUM(F36:F43)

Sheet Access & Session
A1: Test ID | B1: Function | C1: Test Scenario | D1: Steps | E1: Sample Data / Records | F1: Expected Result | G1: Status | H1: Tested By | I1: Test Date | J1: Comments / Defect Ref
A2: CC-ACC-01 | B2: Shared session | C2: Entry from Admin | D2: 1. Login in Admin 2. Switch to Credit Cards via the module dropdown | E2: Holders: SHAIKHA.ALSUWAIDI (CC-2026-00002), HASHEM.ALKABBI (CC-2026-00003) · CC_ADMIN = NASER.ALKHAJA | F2: CC opens logged-in; holder vs approver vs CC_ADMIN nav per role
A3: CC-ACC-02 | B3: No session | C3: Direct open without login | D3: 1. Fresh private window > CC URL | E3: Holders: SHAIKHA.ALSUWAIDI (CC-2026-00002), HASHEM.ALKABBI (CC-2026-00003) · CC_ADMIN = NASER.ALKHAJA | F3: Redirected to Admin login
A4: CC-ACC-03 | B4: Role gating | C4: Admin menus | D4: 1. Compare menus as a holder (SHAIKHA.ALSUWAIDI) vs CC_ADMIN (NASER) | E4: Holders: SHAIKHA.ALSUWAIDI (CC-2026-00002), HASHEM.ALKABBI (CC-2026-00003) · CC_ADMIN = NASER.ALKHAJA | F4: All Cards / Proxies / Module Settings only for CC_ADMIN/SYS_ADMIN; Approvals for MANAGER+

Sheet Dashboard
A1: Test ID | B1: Function | C1: Test Scenario | D1: Steps | E1: Sample Data / Records | F1: Expected Result | G1: Status | H1: Tested By | I1: Test Date | J1: Comments / Defect Ref
A2: CC-DSH-01 | B2: Stats | C2: Cards show live numbers | D2: 1. Open CC Dashboard | F2: Active cards, total credit limit, pending requests, replenishments due — sensible values
A3: CC-DSH-02 | B3: Charts | C3: Limits + compliance | D3: 1. Wait for both charts | F3: Credit limits by organisation bar + 6-month replenishment compliance (submitted vs due) render

Sheet My Card
A1: Test ID | B1: Function | C1: Test Scenario | D1: Steps | E1: Sample Data / Records | F1: Expected Result | G1: Status | H1: Tested By | I1: Test Date | J1: Comments / Defect Ref
A2: CC-CRD-01 | B2: Card visual | C2: My card renders | D2: 1. Login as a card holder 2. Open My Card | E2: Login SHAIKHA.ALSUWAIDI — CC-2026-00002 (20,000 AED) | F2: Card visual with number, holder, limit, expiry; status badge; greyed if not ACTIVE
A3: CC-CRD-02 | B3: Limit history | C3: Timeline | D3: 1. Check the Limit History table | E3: CC-2026-00002 — INITIAL 0→20,000 row from registration | F3: INITIAL row from registration; INCREASE/DECREASE rows after approved limit changes
A4: CC-CRD-03 | B4: Due banner | C4: Replenishment due | D4: 1. As a holder whose current-month statement is missing open My Card | E4: SHAIKHA.ALSUWAIDI — May submitted, current month missing → banner shows | F4: Amber 'this month's replenishment has not been submitted' banner with a shortcut button
A5: CC-CRD-04 | B5: No card | C5: Holder without card | D5: 1. Login as a user with no card 2. Open My Card | E5: Login SHAIKHA.GALAMERI (no card) | F5: Friendly empty state offering a New Card request (no errors)

Sheet Card Requests
A1: Test ID | B1: Function | C1: Test Scenario | D1: Steps | E1: Sample Data / Records | F1: Expected Result | G1: Status | H1: Tested By | I1: Test Date | J1: Comments / Defect Ref
A2: CC-REQ-01 | B2: Wizard | C2: Type tiles | D2: 1. Open Card Requests > + New Request | F2: 5 tiles: New Card / Increase / Decrease / Replacement / Close; 3-step wizard with progress
A3: CC-REQ-02 | B3: New card | C3: Full happy path | D3: 1. Pick New Card, enter limit + reason 2. Save Draft & Continue 3. Upload every mandatory document 4. Submit | E3: Limit 10,000 · 4 mandatory NEW_CARD docs (any small PNG/PDF) | F3: Submit only enabled once all mandatory docs are uploaded; request goes to approval
A4: CC-REQ-03 | B4: Doc checklist | C4: Mandatory docs enforced | D4: 1. In step 3 leave a mandatory document missing 2. Try Submit | E4: Leave 'Salary Certificate' (or any mandatory doc) missing | F4: Submit disabled / blocked with a clear message naming the missing document
A5: CC-REQ-04 | B5: Increase limit | C5: Validation | D5: 1. Create INCREASE_LIMIT with a limit LOWER than the current one 2. Submit | E5: CC-2026-00002 (current 20,000) — request 15,000 to test the block | F5: Blocked: requested limit must exceed the current limit
A6: CC-REQ-05 | B6: Withdraw | C6: Pull back a submitted request | D6: 1. Open your SUBMITTED request 2. Withdraw | E6: Create INCREASE_LIMIT 25,000 on CC-2026-00003, submit, then withdraw (a seeded WITHDRAWN example exists) | F6: Status WITHDRAWN; leaves the approver queue; card free for new requests
A7: CC-REQ-06 | B7: Detail | C7: Request detail | D7: 1. Open a request | F7: Type, card, limits, reason, documents and audit info all shown

Sheet Replenishments
A1: Test ID | B1: Function | C1: Test Scenario | D1: Steps | E1: Sample Data / Records | F1: Expected Result | G1: Status | H1: Tested By | I1: Test Date | J1: Comments / Defect Ref
A2: CC-RPL-01 | B2: Create | C2: New monthly statement | D2: 1. Open Replenishments > + New Replenishment 2. Pick your card + last month 3. Create Draft | E2: CC-2026-00002 + May 2026 → duplicate blocked; use the current month | F2: Draft CCM-YYYY-MM-NNNNN created; one statement per card per month enforced
A3: CC-RPL-02 | B3: Lines | C3: Merchant lines editor | D3: 1. In the detail add 3 lines: date, merchant, amount, GL or Project coding, receipt flag 2. Save Lines | E3: Lines: Etisalat 420.50 / Amazon AE 1,310.00 / ADNOC 240.00 (as in CCM-2026-05-00001) | F3: Lines saved; running total recalculates; receipt counter updates
A4: CC-RPL-03 | B4: Validation | C4: Line rules | D4: 1. Try saving a line without merchant/amount/date or GL code | F4: Clear per-line validation; nothing saved
A5: CC-RPL-04 | B5: Submit | C5: Send for approval | D5: 1. Submit the statement | E5: Your current-month draft from the previous cases | F5: Status SUBMITTED; appears in the approvals queue; only the holder or an active proxy may submit
A6: CC-RPL-05 | B6: Proxy | C6: Proxy submits for the holder | D6: 1. As CC_ADMIN create a proxy for a card 2. Login as the proxy and create/submit a statement for that card | E6: Proxy HASHEM.ALKABBI on CC-2026-00002 (create in Proxies first) | F6: Proxy can submit; non-proxies are blocked with a clear message

Sheet Approvals
A1: Test ID | B1: Function | C1: Test Scenario | D1: Steps | E1: Sample Data / Records | F1: Expected Result | G1: Status | H1: Tested By | I1: Test Date | J1: Comments / Defect Ref
A2: CC-APR-01 | B2: Queue | C2: Pending list | D2: 1. Login as an approver (MANAGER/CC_ADMIN) 2. Open Pending Approvals | E2: CCM-2026-05-00001 (May statement, 1,970.50) — SUBMITTED, in the approver queue | F2: CC requests + replenishments awaiting your step; badge matches
A3: CC-APR-02 | B3: Comment required | C3: Approve needs a comment | D3: 1. Approve with an empty comment | E3: CCM-2026-05-00001 (May statement, 1,970.50) — SUBMITTED, in the approver queue | F3: Blocked; succeeds with a comment
A4: CC-APR-03 | B4: Lifecycle | C4: Approved request applies | D4: 1. Fully approve an INCREASE_LIMIT request | E4: INCREASE_LIMIT on CC-2026-00003: 12,000 → 14,000 | F4: Card limit updates; INCREASE row added to limit history; holder notified

Sheet Administration
A1: Test ID | B1: Function | C1: Test Scenario | D1: Steps | E1: Sample Data / Records | F1: Expected Result | G1: Status | H1: Tested By | I1: Test Date | J1: Comments / Defect Ref
A2: CC-ADM-01 | B2: All cards | C2: Registry + search | D2: 1. As CC_ADMIN open All Cards 2. Search and filter by status | E2: CC-2026-00001 (CLOSED) · 00002 (SHAIKHA.ALSUWAIDI) · 00003 (HASHEM) | F2: All cards org-wide; pending operation chips for in-flight requests
A3: CC-ADM-02 | B3: Register card | C3: From approved NEW_CARD | D3: 1. + Register Card 2. Pick an APPROVED NEW_CARD request 3. Fill holder, mother name, nationality, limit, expiry, email, org 4. Register | E3: Approve a fresh NEW_CARD request first (wizard case), then register it here | F3: Card created ACTIVE with CC-YYYY-NNNNN number + INITIAL limit history; holder notified
A4: CC-ADM-03 | B4: Proxies | C4: Manage proxies | D4: 1. Open Proxies 2. Create one (card + proxy user + window) 3. Deactivate it | E4: Card CC-2026-00002 · proxy SHAIKHA.GALAMERI · window today → +30 days | F4: Proxy listed; deactivation removes submit rights
A5: CC-ADM-04 | B5: Module settings | C5: CC settings | D5: 1. Open Module Settings 2. Edit a value (e.g. REPLENISHMENT_DUE_DAY) 3. Save + refresh | E5: REPLENISHMENT_DUE_DAY (restore the value after) | F5: Persists; non-admins do not see the page

Sheet Shell & Language
A1: Test ID | B1: Function | C1: Test Scenario | D1: Steps | E1: Sample Data / Records | F1: Expected Result | G1: Status | H1: Tested By | I1: Test Date | J1: Comments / Defect Ref
A2: CC-SHL-01 | B2: Switcher | C2: Cross-module hop | D2: 1. Module dropdown > Admin / FL and back | F2: No re-login; CC shows live (no 'soon' badge)
A3: CC-SHL-02 | B3: Arabic | C3: RTL pass | D3: 1. Switch to AR 2. Walk Dashboard + My Card + a request detail | F3: Mirrored layout, Arabic labels, Latin digits; card visual unaffected
