Workbook

Sheet Instructions
B2: i-Finance UAT Script
B3: Admin (App 200) — Identity, Users, Roles, Platform Administration
B5: Environment URL | C5: (fill in: e.g. http://localhost:8080 or the deployed URL)
B6: Build / version date | C6: 2026-06-11
B7: UAT round
B8: Lead tester
B9: Start date
B10: End date
B12: How to test
B13: 1. Each tab is one functional area. Work top-to-bottom; one row = one test case.
B14: 2. Follow the Steps column exactly; compare the outcome with Expected Result.
B15: 3. Set Status from the dropdown: Pass / Fail / Blocked / N/A.
B16: 4. On Fail or Blocked, ALWAYS fill Comments (what happened, screenshots reference, error text).
B17: 5. Fill Tested By + Test Date on every executed row.
B18: 6. Login accounts: use the quick-login buttons on the login page, or accounts provided by the admin. Never write passwords in this file.
B19: 7. Hard-refresh (Ctrl+F5) after the team deploys a fix before retesting.
B21: Status legend
B22: Pass | C22: Works exactly as the Expected Result describes
B23: Fail | C23: Does not match the Expected Result (describe in Comments)
B24: Blocked | C24: Cannot be executed (missing data/role/dependency failed)
B25: N/A | C25: Not applicable to this round/role
B27: Seeded UAT data (your starting point)
B28: - 6 test accounts exist matching the quick-login buttons: ADMIN (SYS_ADMIN), HASHEM.ALKABBI (Director/approver), NASER.ALKHAJA, AYESHA.AMERI, SHAIKHA.GALAMERI, SHAIKHA.ALSUWAIDI (managers).
B29: - Module roles: AYESHA = Petty Cash admin/approver, HASHEM = DT approver, NASER = DT finance, SHAIKHA.GALAMERI = HR manager, SHAIKHA.ALSUWAIDI = HR viewer.
B31: Live summary
B32: Functional area | C32: Cases | D32: Pass | E32: Fail | F32: Blocked | G32: Executed %
B33: Login & Session | C33: 7 | D33: =COUNTIF('Login & Session'!F:F,"Pass") -> 1 | E33: =COUNTIF('Login & Session'!F:F,"Fail") -> 6 | F33: =COUNTIF('Login & Session'!F:F,"Blocked") -> 0 | G33: =ROUND(COUNTA('Login & Session'!F2:F500)/C33*100,0)&"%" -> 100%
B34: Dashboard | C34: 4 | D34: =COUNTIF(Dashboard!F:F,"Pass") -> 4 | E34: =COUNTIF(Dashboard!F:F,"Fail") -> 0 | F34: =COUNTIF(Dashboard!F:F,"Blocked") -> 0 | G34: =ROUND(COUNTA(Dashboard!F2:F500)/C34*100,0)&"%" -> 100%
B35: My Workspace | C35: 12 | D35: =COUNTIF('My Workspace'!F:F,"Pass") -> 7 | E35: =COUNTIF('My Workspace'!F:F,"Fail") -> 5 | F35: =COUNTIF('My Workspace'!F:F,"Blocked") -> 0 | G35: =ROUND(COUNTA('My Workspace'!F2:F500)/C35*100,0)&"%" -> 100%
B36: User Management | C36: 8 | D36: =COUNTIF('User Management'!F:F,"Pass") -> 5 | E36: =COUNTIF('User Management'!F:F,"Fail") -> 3 | F36: =COUNTIF('User Management'!F:F,"Blocked") -> 0 | G36: =ROUND(COUNTA('User Management'!F2:F500)/C36*100,0)&"%" -> 100%
B37: Roles & Permissions | C37: 5 | D37: =COUNTIF('Roles & Permissions'!F:F,"Pass") -> 0 | E37: =COUNTIF('Roles & Permissions'!F:F,"Fail") -> 5 | F37: =COUNTIF('Roles & Permissions'!F:F,"Blocked") -> 0 | G37: =ROUND(COUNTA('Roles & Permissions'!F2:F500)/C37*100,0)&"%" -> 100%
B38: Organisation | C38: 3 | D38: =COUNTIF(Organisation!F:F,"Pass") -> 0 | E38: =COUNTIF(Organisation!F:F,"Fail") -> 3 | F38: =COUNTIF(Organisation!F:F,"Blocked") -> 0 | G38: =ROUND(COUNTA(Organisation!F2:F500)/C38*100,0)&"%" -> 100%
B39: System Administration | C39: 9 | D39: =COUNTIF('System Administration'!F:F,"Pass") -> 1 | E39: =COUNTIF('System Administration'!F:F,"Fail") -> 8 | F39: =COUNTIF('System Administration'!F:F,"Blocked") -> 0 | G39: =ROUND(COUNTA('System Administration'!F2:F500)/C39*100,0)&"%" -> 100%
B40: Shell & Platform | C40: 6 | D40: =COUNTIF('Shell & Platform'!F:F,"Pass") -> 1 | E40: =COUNTIF('Shell & Platform'!F:F,"Fail") -> 5 | F40: =COUNTIF('Shell & Platform'!F:F,"Blocked") -> 0 | G40: =ROUND(COUNTA('Shell & Platform'!F2:F500)/C40*100,0)&"%" -> 100%
B41: TOTAL | C41: =SUM(C33:C40) -> 54 | D41: =SUM(D33:D40) -> 19 | E41: =SUM(E33:E40) -> 35 | F41: =SUM(F33:F40) -> 0

Sheet Login & Session
A1: Test ID | B1: Function | C1: Test Scenario | D1: Steps | E1: Expected Result | F1: Status | G1: Tested By | H1: Test Date | I1: Comments / Defect Ref
A2: ADMIN-LOG-01 | B2: Login | C2: Valid login | D2: 1. Open the app URL 2. Enter a valid username + password (or use a quick-login button) 3. Click Sign In | E2: Dashboard opens; top bar shows your name and avatar initials; side navigation matches your role | F2: Pass | G2: Hany | H2: =NOW() -> 46184.965
A3: ADMIN-LOG-02 | B3: Login | C3: Invalid password | D3: 1. Enter a valid username with a wrong password 2. Click Sign In | E3: Error message 'Invalid credentials or account inactive'; stays on login page | F3: Fail | G3: Hany | H3: =NOW() -> 46184.965 | I3: now error meesage displayed
A4: ADMIN-LOG-03 | B4: Login | C4: Inactive account | D4: 1. Login with a deactivated account (ask admin to deactivate a test user first) | E4: Login refused with the same generic error | F4: Fail | G4: Hany | H4: =NOW() -> 46184.965 | I4: now error meesage displayed
A5: ADMIN-LOG-04 | B5: Session | C5: Refresh keeps session | D5: 1. Login 2. Press F5 / Ctrl+F5 on any page | E5: Still logged in; same page or dashboard reopens (no login prompt) | F5: Fail | G5: Hany | H5: =NOW() -> 46184.965 | I5: always go to home page after refresh any page
A6: ADMIN-LOG-05 | B6: Session | C6: Deep link without session | D6: 1. Logout 2. Open the app URL again | E6: Login page shown; no app content visible before login | F6: Fail | G6: Hany | H6: =NOW() -> 46184.965 | I6: when logout Error message displayed on top right (Error: Request failed (400))
A7: ADMIN-LOG-06 | B7: Logout | C7: Logout clears session | D7: 1. Click your avatar (top-right) > Logout 2. Press Back in the browser | E7: Returned to login; Back does not re-enter the app with data | F7: Fail | G7: Hany | H7: =NOW() -> 46184.965 | I7: Error message displayed on top right (Error: Request failed (400))
A8: ADMIN-LOG-07 | B8: Login | C8: Arabic login page | D8: 1. On the login page switch language to AR (ع) 2. Login | E8: Login page is mirrored (RTL) with Arabic labels; after login the app stays in Arabic | F8: Fail | G8: Hany | H8: =NOW() -> 46184.965 | I8: no switch Language available in login page

Sheet Dashboard
A1: Test ID | B1: Function | C1: Test Scenario | D1: Steps | E1: Expected Result | F1: Status | G1: Tested By | H1: Test Date | I1: Comments / Defect Ref
A2: ADMIN-DSH-01 | B2: Headline counts | C2: Stats cards show live numbers | D2: 1. Open Home/Dashboard 2. Compare 'Users' count with the Users list total | E2: Cards show non-zero sensible numbers; users count matches the Users page total | F2: Pass
A3: ADMIN-DSH-02 | B3: Charts | C3: Both charts render | D3: 1. Open Dashboard 2. Wait for charts to load | E3: Approval cycle-time bar chart + 30-day activity line chart render with axes and legend; no empty boxes | F3: Pass
A4: ADMIN-DSH-03 | B4: Charts | C4: Charts survive navigation | D4: 1. Open Dashboard 2. Navigate to Users, then back to Dashboard | E4: Charts render again correctly (not blank, not duplicated) | F4: Pass
A5: ADMIN-DSH-04 | B5: Loading states | C5: Skeleton then data | D5: 1. Hard-refresh (Ctrl+F5) on Dashboard | E5: Brief skeleton/placeholder shown, then real data; no flash of errors | F5: Pass

Sheet My Workspace
A1: Test ID | B1: Function | C1: Test Scenario | D1: Steps | E1: Expected Result | F1: Status | G1: Tested By | H1: Test Date | I1: Comments / Defect Ref
A2: ADMIN-WSP-01 | B2: My Profile | C2: Profile loads current data | D2: 1. Go to My Workspace > My Profile | E2: Display names, email, phone, employee number, organisation are the CURRENT values from the server | F2: Pass | G2: Hany
A3: ADMIN-WSP-02 | B3: My Profile | C3: Update phone persists | D3: 1. Change Phone 2. Click Save Profile 3. Hard-refresh (Ctrl+F5) and reopen My Profile | E3: Success banner on save; after refresh the NEW phone is still shown | F3: Pass | G3: Hany | H3: =NOW() -> 46184.965 | I3: Phone saved but after refresh it go to home page
A4: ADMIN-WSP-03 | B4: My Profile | C4: Update Arabic display name | D4: 1. Edit Display Name (Arabic) 2. Save 3. Refresh and recheck | E4: Arabic name saved and persists; shown RTL in the field | F4: Pass | G4: Hany
A5: ADMIN-WSP-04 | B5: My Profile | C5: Employee number not lost | D5: 1. Note your Employee Number 2. Change phone and Save Profile 3. Refresh | E5: Employee Number is unchanged after a profile save | F5: Fail | G5: Hany | I5: Employee number not updatable
A6: ADMIN-WSP-05 | B6: My Profile | C6: Upload photo | D6: 1. Click Change Photo 2. Pick a JPG/PNG (any size) 3. Wait for upload | E6: File picker opens; avatar shows the photo; photo still there after Ctrl+F5 | F6: Pass | G6: Hany
A7: ADMIN-WSP-06 | B7: My Profile | C7: Replace photo | D7: 1. Upload a different photo over the existing one | E7: New photo replaces the old one without errors | F7: Pass | G7: Hany
A8: ADMIN-WSP-07 | B8: Change password | C8: Happy path | D8: 1. In Change Password enter a new valid password twice 2. Submit 3. Logout and login with the NEW password 4. Change it back | E8: Success message; old password no longer works; new one does | F8: Pass | G8: Hany
A9: ADMIN-WSP-08 | B9: Change password | C9: Validation | D9: 1. Try mismatching passwords 2. Try a password shorter than 8 characters | E9: Clear validation errors; nothing saved | F9: Pass | G9: Hany
A10: ADMIN-WSP-09 | B10: Notifications | C10: List + unread badge | D10: 1. Open Notifications 2. Compare the bell badge count with unread rows | E10: List loads; badge equals the number of unread notifications | F10: Fail | G10: Hany | I10: bell badge showing 4, and there is no notifications displayed
A11: ADMIN-WSP-10 | B11: Notifications | C11: Mark as read | D11: 1. Mark one notification as read | E11: Row state changes; bell badge count decreases by 1 | F11: Fail | G11: Hany | I11: not possible as no notification dispalyed
A12: ADMIN-WSP-11 | B12: Pending approvals | C12: My queue | D12: 1. Open Pending Approvals (use an approver account with pending items) | E12: Only items waiting for YOUR approval are listed with module, requester, date | F12: Fail | G12: Hany | I12: No Data available
A13: ADMIN-WSP-12 | B13: Pending approvals | C13: Approve / reject | D13: 1. Approve one item 2. Reject another with a comment | E13: Items leave the queue; requester gets a notification; status history updated | F13: Fail | G13: Hany | I13: No Data available

Sheet User Management
A1: Test ID | B1: Function | C1: Test Scenario | D1: Steps | E1: Expected Result | F1: Status | G1: Tested By | H1: Test Date | I1: Comments / Defect Ref
A2: ADMIN-USR-01 | B2: Users list | C2: Server pagination | D2: 1. Open Users 2. Check the pager caption (e.g. '1-50 of N') 3. Click next page | E2: Counts are correct; next page loads different rows; pager updates | F2: Pass | G2: Hany
A3: ADMIN-USR-02 | B3: Users list | C3: Search | D3: 1. Type part of a name/username in search 2. Pause typing | E3: List filters after a short delay (server search); count updates; clearing search restores the full list | F3: Pass | G3: Hany
A4: ADMIN-USR-03 | B4: Users list | C4: Status filter | D4: 1. Filter by Active, then Inactive | E4: Only matching users shown each time | F4: Pass | G4: Hany
A5: ADMIN-USR-04 | B5: Create user | C5: Happy path | D5: 1. Click New User 2. Fill username, names, email, org, role(s), password 3. Save 4. Logout and login as the new user | E5: User created and appears in the list; new user can login and sees role-appropriate navigation | F5: Pass | G5: Hany | I5: it's accepted password less than 8 char, Also, there is no way to upload the photo
A6: ADMIN-USR-05 | B6: Create user | C6: Duplicate username | D6: 1. Create a user with an existing username | E6: Clear error; no duplicate created | F6: Fail | G6: Hany | I6: it's not accepted, but the error message not showing and display table constraint error message
A7: ADMIN-USR-06 | B7: Edit user | C7: Change roles | D7: 1. Edit a test user 2. Add/remove a role 3. Save 4. Login as that user | E7: Saved roles reflected; navigation/permissions change accordingly | F7: Fail | G7: Hany | I7: when select "Section Manager" and save, it's showing as "Task Manager" in the user list table
A8: ADMIN-USR-07 | B8: Edit user | C8: Edit fields | D8: 1. Edit display names / email / phone / employee number / org 2. Save and reopen | E8: All edited values persisted and shown | F8: Fail | G8: Hany | I8: employee number disabled, Org not saved
A9: ADMIN-USR-08 | B9: Deactivate | C9: Deactivate + reactivate | D9: 1. Deactivate a test user 2. Try logging in as them 3. Reactivate | E9: Deactivated user cannot login; after reactivation they can | F9: Pass | G9: Hany

Sheet Roles & Permissions
A1: Test ID | B1: Function | C1: Test Scenario | D1: Steps | E1: Expected Result | F1: Status | G1: Tested By | H1: Test Date | I1: Comments / Defect Ref
A2: ADMIN-ROL-01 | B2: Roles list | C2: Vault list renders | D2: 1. Open Roles | E2: Dark 'Vault' page lists roles with code, type, member count, active state | F2: Fail | G2: Hany | I2: only one role (HR Administrator), and on the top (22 roles in the system)
A3: ADMIN-ROL-02 | B3: Create role | C3: New role | D3: 1. Create a role with code + names 2. Save | E3: Role appears in the list; audit entry recorded | F3: Fail | G3: Hany | I3: Page Very diffecult to work with, it need to be reinoviated, creative, Also the new role not displayed
A4: ADMIN-ROL-03 | B4: Edit role | C4: Assign permissions | D4: 1. Open a role 2. Toggle several permissions on/off 3. Save 4. Reopen | E4: Saved toggles persist; member count unchanged | F4: Fail | I4: only one role (HR Administrator) and can't be edit even by click pencil icon
A5: ADMIN-ROL-04 | B5: Permission matrix | C5: Matrix view | D5: 1. Open Permissions 2. Locate a role column and toggle a cell 3. Save | E5: Matrix shows roles x permissions; toggle animates; change persists after reload | F5: Fail | I5: very diffecult
A6: ADMIN-ROL-05 | B6: Permissions | C6: Effect on user | D6: 1. Remove a permission from a role 2. Login as a user with ONLY that role | E6: Corresponding function is hidden/refused for that user (restore afterwards) | F6: Fail | I6: not possible

Sheet Organisation
A1: Test ID | B1: Function | C1: Test Scenario | D1: Steps | E1: Expected Result | F1: Status | G1: Tested By | H1: Test Date | I1: Comments / Defect Ref
A2: ADMIN-ORG-01 | B2: Hierarchy | C2: Tree renders | D2: 1. Open Org Hierarchy | E2: Organisation tree shows with expand/collapse; correct parent-child structure | F2: Fail | I2: Tree not showing
A3: ADMIN-ORG-02 | B3: Hierarchy | C3: Add unit | D3: 1. Add a child org unit (EN + AR names) 2. Save | E3: New unit appears under its parent; available in user org dropdown | F3: Fail | I3: no Add button
A4: ADMIN-ORG-03 | B4: Hierarchy | C4: Edit / deactivate unit | D4: 1. Rename a test unit 2. Deactivate it | E4: Rename persists; deactivated unit flagged and not offered for new users | F4: Fail | I4: no data showing

Sheet System Administration
A1: Test ID | B1: Function | C1: Test Scenario | D1: Steps | E1: Expected Result | F1: Status | G1: Tested By | H1: Test Date | I1: Comments / Defect Ref
A2: ADMIN-SYS-01 | B2: Module registry | C2: List + toggle | D2: 1. Open Module Registry 2. Toggle a non-critical module inactive and back | E2: Modules (PC/DT/HR/FL/CC...) listed with status; toggle persists | F2: Fail | I2: not all module displayed
A3: ADMIN-SYS-02 | B3: Approval templates | C3: View / edit template | D3: 1. Open Approval Templates 2. Open one template and review steps (sequence, role, escalation days) 3. Edit a non-production template | E3: Steps listed in order; edits persist | F3: Fail | I3: after edit, popup window not accept either Save or Cancel button. And it keeps open
A4: ADMIN-SYS-03 | B4: Approval monitor | C4: In-flight instances | D4: 1. Open Approval Monitor 2. Filter by module/status | E4: Live approval instances with current step; filters work | F4: Fail | I4: no data available
A5: ADMIN-SYS-04 | B5: Lookups | C5: Add lookup value | D5: 1. Open Lookups 2. Pick a category (e.g. a status set) 3. Add a value (code + EN/AR names) 4. Edit it, then disable it | E5: Value appears immediately; edits persist; disabled value stops appearing in module dropdowns | F5: Fail | I5: while access lookup page (Error Request failed (555)) 2 times
A6: ADMIN-SYS-05 | B6: System settings | C6: Edit a setting | D6: 1. Open System Settings 2. Edit a non-system setting value 3. Save and refresh | E6: New value persists; system-flagged settings are read-only | F6: Fail | I6: not all field updated like: APP_NAME, APP_NAME_AR
A7: ADMIN-SYS-06 | B7: System settings | C7: Secrets masked | D7: 1. Locate a key/password-type setting (e.g. API key) | E7: Value displays as ******** ; saving the mask back is refused (no secret overwrite) | F7: Fail | I7: key/password not displayed
A8: ADMIN-SYS-07 | B8: Theme setting | C8: Brand color from settings | D8: 1. Edit THEME_BRAND_COLOR (e.g. #7B1FA2) 2. Hard-refresh the app | E8: App chrome (buttons, accents) adopts the new color; restore the original afterwards | F8: Fail | I8: not dispalyed
A9: ADMIN-SYS-08 | B9: Audit log | C9: Pagination + filter | D9: 1. Open Audit Log 2. Check pager caption 3. Filter by action (e.g. LOGIN) 4. Page through | E9: Server-paged list; filter narrows rows; newest entries first; your own recent actions appear | F9: Fail | I9: pagination not work, it's keep select 25
A10: ADMIN-SYS-09 | B10: Appearance | C10: Theme switch | D10: 1. Open Appearance 2. Switch theme and back | E10: Theme applies immediately and persists across refresh | F10: Pass

Sheet Shell & Platform
A1: Test ID | B1: Function | C1: Test Scenario | D1: Steps | E1: Expected Result | F1: Status | G1: Tested By | H1: Test Date | I1: Comments / Defect Ref
A2: ADMIN-SHL-01 | B2: Module switcher | C2: Switch to another module | D2: 1. Click the module dropdown in the top bar 2. Choose HR (or PC/DT) | E2: Target app opens WITHOUT a second login (shared session); switcher highlights the current module | F2: Fail | I2: Error response Error code: 404 Message: File not found. Error code explanation: 404 - Nothing matches the given URI.
A3: ADMIN-SHL-02 | B3: Language | C3: EN to AR live switch | D3: 1. Click the ع button in the top bar | E3: Entire page flips RTL instantly: top bar, side nav, content; Arabic font; numbers stay Latin digits | F3: Pass
A4: ADMIN-SHL-03 | B4: Language | C4: AR persists across login | D4: 1. Switch to AR 2. Logout, close browser, reopen and login | E4: App opens in Arabic (server-stored preference); switch back to EN at the end | F4: Fail
A5: ADMIN-SHL-04 | B5: Side navigation | C5: Collapse / expand | D5: 1. Click the hamburger icon | E5: Side nav collapses/expands; content area adjusts | F5: Fail | I5: when collapse, nothing showing in the main page unless it's expand
A6: ADMIN-SHL-05 | B6: Role-based nav | C6: Menu matches role | D6: 1. Login as a non-admin user | E6: Admin-only groups (User Management, System) are hidden | F6: Fail
A7: ADMIN-SHL-06 | B7: Error handling | C7: API failure feedback | D7: 1. Disconnect network (or stop the proxy) 2. Try loading a list | E7: Friendly error state with Retry + a toast; no frozen skeleton, no blank screen | F7: Fail
