Workbook

Sheet Instructions
B2: i-Finance UAT Script
B3: Petty Cash (App 201) — Floats, Reimbursements, Clearing
B5: Environment URL | C5: (fill in: e.g. http://localhost:8080 or the deployed URL)
B6: Build / version date | C6: 2026-06-12 (Phase 4)
B7: UAT round
B8: Lead tester
B9: Start date
B10: End date
B12: How to test
B13: 1. Each tab is one functional area. Work top-to-bottom; one row = one test case.
B14: 2. Follow the Steps column exactly; compare the outcome with Expected Result.
B15: 2b. Sample Data / Records tells you WHICH seeded record, account or value to use — prefer it over inventing your own so results are reproducible.
B16: 3. Set Status from the dropdown: Pass / Fail / Blocked / N/A.
B17: 4. On Fail or Blocked, ALWAYS fill Comments (what happened, screenshots reference, error text).
B18: 5. Fill Tested By + Test Date on every executed row.
B19: 6. Login accounts: use the quick-login buttons on the login page, or accounts provided by the admin. Never write passwords in this file.
... B22: Status legend
B23: Pass | C23: Works exactly as the Expected Result describes
B24: Fail | C24: Does not match the Expected Result (describe in Comments)
B25: Blocked | C25: Cannot be executed (missing data/role/dependency failed)
B26: N/A | C26: Not applicable to this round/role
B28: Seeded UAT data (your starting point)
B29: - PC-2026-00008 (SHAIKHA.ALSUWAIDI, TEMPORARY 1,800) - awaiting approval: use for approve/reject tests (approver: AYESHA.AMERI).
B30: - PC-2026-00005 (NASER, TEMPORARY 2,500) - fully approved, awaiting disbursement: use for the Disburse test.
B31: - PC-2026-00006 (AYESHA, TEMPORARY 3,500) - ACTIVE/disbursed: use to create a Clearing.
B32: - PC-2026-00007 (SHAIKHA.GALAMERI, PERMANENT 5,000) - ACTIVE: use to create Reimbursements.
B33: - RMB-2026-00100 (450 on PC-00007) - awaiting approval.
B35: Live summary
B36: Functional area | C36: Cases | D36: Pass | E36: Fail | F36: Blocked | G36: Executed %
B37: Access & Session | C37: 3 | D37: =COUNTIF('Access & Session'!G:G,"Pass") | E37: =COUNTIF('Access & Session'!G:G,"Fail") | F37: =COUNTIF('Access & Session'!G:G,"Blocked") | G37: =ROUND(COUNTA('Access & Session'!G2:G500)/C37*100,0)&"%"
B38: Dashboard | C38: 3 | D38: =COUNTIF('Dashboard'!G:G,"Pass") | E38: =COUNTIF('Dashboard'!G:G,"Fail") | F38: =COUNTIF('Dashboard'!G:G,"Blocked") | G38: =ROUND(COUNTA('Dashboard'!G2:G500)/C38*100,0)&"%"
B39: My Petty Cash | C39: 8 | D39: =COUNTIF('My Petty Cash'!G:G,"Pass") | E39: =COUNTIF('My Petty Cash'!G:G,"Fail") | F39: =COUNTIF('My Petty Cash'!G:G,"Blocked") | G39: =ROUND(COUNTA('My Petty Cash'!G2:G500)/C39*100,0)&"%"
B40: Reimbursements | C40: 3 | D40: =COUNTIF('Reimbursements'!G:G,"Pass") | E40: =COUNTIF('Reimbursements'!G:G,"Fail") | F40: =COUNTIF('Reimbursements'!G:G,"Blocked") | G40: =ROUND(COUNTA('Reimbursements'!G2:G500)/C40*100,0)&"%"
B41: Clearing | C41: 3 | D41: =COUNTIF('Clearing'!G:G,"Pass") | E41: =COUNTIF('Clearing'!G:G,"Fail") | F41: =COUNTIF('Clearing'!G:G,"Blocked") | G41: =ROUND(COUNTA('Clearing'!G2:G500)/C41*100,0)&"%"
B42: Approvals | C42: 4 | D42: =COUNTIF('Approvals'!G:G,"Pass") | E42: =COUNTIF('Approvals'!G:G,"Fail") | F42: =COUNTIF('Approvals'!G:G,"Blocked") | G42: =ROUND(COUNTA('Approvals'!G2:G500)/C42*100,0)&"%"
B43: Administration | C43: 4 | D43: =COUNTIF('Administration'!G:G,"Pass") | E43: =COUNTIF('Administration'!G:G,"Fail") | F43: =COUNTIF('Administration'!G:G,"Blocked") | G43: =ROUND(COUNTA('Administration'!G2:G500)/C43*100,0)&"%"
B44: Configuration | C44: 3 | D44: =COUNTIF('Configuration'!G:G,"Pass") | E44: =COUNTIF('Configuration'!G:G,"Fail") | F44: =COUNTIF('Configuration'!G:G,"Blocked") | G44: =ROUND(COUNTA('Configuration'!G2:G500)/C44*100,0)&"%"
B45: Shell & Language | C45: 3 | D45: =COUNTIF('Shell & Language'!G:G,"Pass") | E45: =COUNTIF('Shell & Language'!G:G,"Fail") | F45: =COUNTIF('Shell & Language'!G:G,"Blocked") | G45: =ROUND(COUNTA('Shell & Language'!G2:G500)/C45*100,0)&"%"
B46: TOTAL | C46: =SUM(C37:C45) | D46: =SUM(D37:D45) | E46: =SUM(E37:E45) | F46: =SUM(F37:F45)

Sheet Access & Session
A1: Test ID | B1: Function | C1: Test Scenario | D1: Steps | E1: Sample Data / Records | F1: Expected Result | G1: Status | H1: Tested By | I1: Test Date | J1: Comments / Defect Ref
A2: PC-ACC-01 | B2: Shared session | C2: Entry from Admin | D2: 1. Login in the Admin app 2. Use the module switcher to open Petty Cash | F2: PC opens logged-in (no second login); your name in the top bar
A3: PC-ACC-02 | B3: No session | C3: Direct open without login | D3: 1. Logout (or new private window) 2. Open the PC app URL directly | F3: Redirected to the Admin login page
A4: PC-ACC-03 | B4: Role gating | C4: Approver/Admin menus | D4: 1. Login as a regular user, then as a PC admin | F4: Approvals group only for approvers; All Petty Cash/Configuration only for admins

Sheet Dashboard
A1: Test ID | B1: Function | C1: Test Scenario | D1: Steps | E1: Sample Data / Records | F1: Expected Result | G1: Status | H1: Tested By | I1: Test Date | J1: Comments / Defect Ref
A2: PC-DSH-01 | B2: Stats | C2: Cards show live numbers | D2: 1. Open PC Dashboard | F2: Cards (my floats, pending, totals) show sensible non-error values
A3: PC-DSH-02 | B3: Charts | C3: Floats by org + ageing | D3: 1. Wait for both charts | F3: Outstanding floats by organisation bar chart + TEMPORARY ageing chart render correctly
A4: PC-DSH-03 | B4: Charts | C4: Re-render on return | D4: 1. Navigate away and back | F4: Charts render again, not blank/duplicated

Sheet My Petty Cash
A1: Test ID | B1: Function | C1: Test Scenario | D1: Steps | E1: Sample Data / Records | F1: Expected Result | G1: Status | H1: Tested By | I1: Test Date | J1: Comments / Defect Ref
A2: PC-MPC-01 | B2: My list | C2: My requests only | D2: 1. Open My Petty Cash | F2: Only YOUR petty cash requests, with number, type, amount, status badge
A3: PC-MPC-02 | B3: Create | C3: PERMANENT float request | D3: 1. New Petty Cash Request 2. Type=PERMANENT, amount, justification 3. Add GL coding line(s) summing to the amount 4. Save draft | E3: Amount 2,000 · any active GL combination | F3: Draft created with number PC-YYYY-NNNNN; appears in My Petty Cash as DRAFT
A4: PC-MPC-03 | B4: Create | C4: TEMPORARY float request | D4: 1. Same with Type=TEMPORARY + needed-by/return date | E4: Amount 1,500 · needed-by +7 days | F4: Draft created; type shown correctly
A5: PC-MPC-04 | B5: Validation | C5: Coding must equal amount | D5: 1. Create a request where coding lines total <> requested amount 2. Try to submit | F5: Submission blocked with a clear message
A6: PC-MPC-05 | B6: Validation | C6: Required fields | D6: 1. Try saving with empty amount / justification | F6: Field-level validation errors; nothing saved
A7: PC-MPC-06 | B7: Submit | C7: Send for approval | D7: 1. Open a DRAFT request 2. Click Submit | F7: Status changes to submitted/pending; appears in the approver's queue; status history records the event
A8: PC-MPC-07 | B8: Detail | C8: Request detail | D8: 1. Open a request from the list | F8: Full detail: amounts, coding lines, status history timeline, documents
A9: PC-MPC-08 | B9: Withdraw | C9: Withdraw a submitted request | D9: 1. Open your submitted request 2. Withdraw | F9: Status returns to draft/withdrawn; it leaves the approver queue

Sheet Reimbursements
A1: Test ID | B1: Function | C1: Test Scenario | D1: Steps | E1: Sample Data / Records | F1: Expected Result | G1: Status | H1: Tested By | I1: Test Date | J1: Comments / Defect Ref
A2: PC-RMB-01 | B2: Create | C2: New reimbursement | D2: 1. Open Reimbursements > New 2. Add expense lines (date, GL code, amount, description) 3. Save + Submit | E2: On PC-2026-00007 (SHAIKHA.GALAMERI, PERMANENT 5,000); RMB-2026-00100 (450) already awaiting approval | F2: Reimbursement created with its own number; goes to approval
A3: PC-RMB-02 | B3: Detail | C3: Line items + history | D3: 1. Open a reimbursement | F3: Lines, totals, status history all shown
A4: PC-RMB-03 | B4: My list | C4: Status tracking | D4: 1. Check list after submit/approval | F4: Status badge updates through the lifecycle

Sheet Clearing
A1: Test ID | B1: Function | C1: Test Scenario | D1: Steps | E1: Sample Data / Records | F1: Expected Result | G1: Status | H1: Tested By | I1: Test Date | J1: Comments / Defect Ref
A2: PC-CLR-01 | B2: Create | C2: Clear a TEMPORARY float | D2: 1. Open Clearing > New for a disbursed TEMPORARY float 2. Add receipts/expense lines + returned amount 3. Submit | E2: PC-2026-00006 (AYESHA, 3,500, ACTIVE/disbursed) | F2: Clearing created; float and clearing linked; goes to approval
A3: PC-CLR-02 | B3: Validation | C3: Totals must reconcile | D3: 1. Make receipts + returned cash <> float amount 2. Try to submit | F3: Blocked with a clear reconciliation message
A4: PC-CLR-03 | B4: Detail | C4: Clearing detail | D4: 1. Open a clearing record | F4: Receipt lines, float reference, status history shown

Sheet Approvals
A1: Test ID | B1: Function | C1: Test Scenario | D1: Steps | E1: Sample Data / Records | F1: Expected Result | G1: Status | H1: Tested By | I1: Test Date | J1: Comments / Defect Ref
A2: PC-APR-01 | B2: Queue | C2: Pending list (approver) | D2: 1. Login as approver 2. Open Approvals | E2: Login AYESHA.AMERI — PC-2026-00008 (1,800) in the queue | F2: All PC items awaiting YOUR step; badge count matches
A3: PC-APR-02 | B3: Approve | C3: Approve with comment | D3: 1. Open an item > Approve (+ comment) | E3: PC-2026-00008 (SHAIKHA.ALSUWAIDI, 1,800) awaiting approval — approver AYESHA.AMERI | F3: Item leaves queue; requester notified; history shows approver + timestamp + comment
A4: PC-APR-03 | B4: Reject | C4: Reject with reason | D4: 1. Reject another item with a reason | E4: PC-2026-00008 (SHAIKHA.ALSUWAIDI, 1,800) awaiting approval — approver AYESHA.AMERI | F4: Status rejected; requester notified with the reason
A5: PC-APR-04 | B5: Authorization | C5: Non-approver blocked | D5: 1. Login as a regular user 2. Try the Approvals route | E5: PC-2026-00008 (SHAIKHA.ALSUWAIDI, 1,800) awaiting approval — approver AYESHA.AMERI | F5: No Approvals menu; direct navigation shows no queue/denied

Sheet Administration
A1: Test ID | B1: Function | C1: Test Scenario | D1: Steps | E1: Sample Data / Records | F1: Expected Result | G1: Status | H1: Tested By | I1: Test Date | J1: Comments / Defect Ref
A2: PC-ADM-01 | B2: All Petty Cash | C2: Paged admin list | D2: 1. Open All Petty Cash (admin) 2. Check pager '1-50 of N' 3. Search + filter by status | F2: All requests org-wide; server pagination, search and status filter work together
A3: PC-ADM-02 | B3: All Reimbursements | C3: Admin list | D3: 1. Open All Reimbursements | F3: Org-wide list with status filters
A4: PC-ADM-03 | B4: All Clearings | C4: Admin list | D4: 1. Open All Clearings | F4: Org-wide list; links open details
A5: PC-ADM-04 | B5: Disburse | C5: Mark approved float disbursed | D5: 1. Open an APPROVED request 2. Disburse (date/reference) | E5: PC-2026-00005 (NASER, 2,500) — approved, awaiting disbursement | F5: Status becomes DISBURSED; history updated; TEMPORARY floats start ageing

Sheet Configuration
A1: Test ID | B1: Function | C1: Test Scenario | D1: Steps | E1: Sample Data / Records | F1: Expected Result | G1: Status | H1: Tested By | I1: Test Date | J1: Comments / Defect Ref
A2: PC-CFG-01 | B2: GL codes | C2: Browse + search combinations | D2: 1. Open GL Codes 2. Search a segment value | F2: 9-segment combinations listed with full code string; search filters
A3: PC-CFG-02 | B3: Approval rules | C3: View/edit PC rules | D3: 1. Open Approval Rules 2. Review steps/amount thresholds | F3: Rules display matches the configured approval template
A4: PC-CFG-03 | B4: Module settings | C4: PC settings incl. brand | D4: 1. Open Module Settings 2. Edit a setting (e.g. THEME_BRAND_COLOR) 3. Hard-refresh | F4: Setting persists; brand color change reflects in PC only (restore afterwards)

Sheet Shell & Language
A1: Test ID | B1: Function | C1: Test Scenario | D1: Steps | E1: Sample Data / Records | F1: Expected Result | G1: Status | H1: Tested By | I1: Test Date | J1: Comments / Defect Ref
A2: PC-SHL-01 | B2: Switcher | C2: Back to Admin / other modules | D2: 1. Use the top-bar module dropdown | F2: Other apps open without re-login
A3: PC-SHL-02 | B3: Arabic | C3: RTL pass | D3: 1. Switch to AR 2. Walk My Petty Cash + Dashboard | F3: Shell + navigation in Arabic, layout mirrored, amounts keep Latin digits; lists still load
A4: PC-SHL-03 | B4: Notifications | C4: PC notifications | D4: 1. Trigger an approval event 2. Check the bell | F4: Notification received and readable
